0 verbose cli C:\Program Files\nodejs\node.exe C:\Program Files\nodejs\node_modules\npm\bin\npm-cli.js
1 info using npm@10.9.2
2 info using node@v22.17.0
3 silly config load:file:C:\Program Files\nodejs\node_modules\npm\npmrc
4 silly config load:file:C:\Users\ASUS\Documents\Codex\2026-09-09\do\frontend\.npmrc
5 silly config load:file:C:\Users\ASUS\.npmrc
6 silly config load:file:C:\Users\ASUS\AppData\Roaming\npm\etc\npmrc
7 verbose title npm install
8 verbose argv "install" "--cache" "..\\.npm-cache"
9 verbose logfile logs-max:10 dir:C:\Users\ASUS\Documents\Codex\2026-09-09\do\.npm-cache\_logs\2026-09-09T08_08_17_146Z-
10 verbose logfile C:\Users\ASUS\Documents\Codex\2026-09-09\do\.npm-cache\_logs\2026-09-09T08_08_17_146Z-debug-0.log
11 silly logfile done cleaning log files
12 silly packumentCache heap:4345298944 maxSize:1086324736 maxEntrySize:543162368
13 silly idealTree buildDeps
14 silly fetch manifest axios@^1.7.9
15 silly packumentCache full:https://registry.npmjs.org/axios cache-miss
16 http fetch GET 200 https://registry.npmjs.org/axios 332ms (cache miss)
17 silly packumentCache full:https://registry.npmjs.org/axios set size:undefined disposed:false
18 silly fetch manifest recharts@^2.15.0
19 silly packumentCache full:https://registry.npmjs.org/recharts cache-miss
20 http fetch GET 200 https://registry.npmjs.org/recharts 1281ms (cache miss)
21 silly packumentCache full:https://registry.npmjs.org/recharts set size:undefined disposed:false
22 silly fetch manifest react@^18.3.1
23 silly packumentCache full:https://registry.npmjs.org/react cache-miss
24 http fetch GET 200 https://registry.npmjs.org/react 1295ms (cache miss)
25 silly packumentCache full:https://registry.npmjs.org/react set size:undefined disposed:false
26 silly fetch manifest react-dom@^18.3.1
27 silly packumentCache full:https://registry.npmjs.org/react-dom cache-miss
28 http fetch GET 200 https://registry.npmjs.org/react-dom 774ms (cache miss)
29 silly packumentCache full:https://registry.npmjs.org/react-dom set size:undefined disposed:false
30 silly fetch manifest react-router-dom@^7.1.1
31 silly packumentCache full:https://registry.npmjs.org/react-router-dom cache-miss
32 http fetch GET 200 https://registry.npmjs.org/react-router-dom 642ms (cache miss)
33 silly packumentCache full:https://registry.npmjs.org/react-router-dom set size:undefined disposed:false
34 silly fetch manifest vite@^6.0.5
35 silly packumentCache full:https://registry.npmjs.org/vite cache-miss
36 http cache https://registry.npmjs.org/vite 154ms (cache hit)
37 silly packumentCache full:https://registry.npmjs.org/vite set size:38939023 disposed:false
38 silly fetch manifest @types/node@^18.0.0 || ^20.0.0 || >=22.0.0
39 silly packumentCache full:https://registry.npmjs.org/@types%2fnode cache-miss
40 http cache https://registry.npmjs.org/@types%2fnode 47ms (cache hit)
41 silly packumentCache full:https://registry.npmjs.org/@types%2fnode set size:11103927 disposed:false
42 silly fetch manifest jiti@>=1.21.0
43 silly packumentCache full:https://registry.npmjs.org/jiti cache-miss
44 http cache https://registry.npmjs.org/jiti 13ms (cache hit)
45 silly packumentCache full:https://registry.npmjs.org/jiti set size:387989 disposed:false
46 silly fetch manifest less@*
47 silly packumentCache full:https://registry.npmjs.org/less cache-miss
48 http cache https://registry.npmjs.org/less 14ms (cache hit)
49 silly packumentCache full:https://registry.npmjs.org/less set size:522100 disposed:false
50 silly fetch manifest lightningcss@^1.21.0
51 silly packumentCache full:https://registry.npmjs.org/lightningcss cache-miss
52 http cache https://registry.npmjs.org/lightningcss 14ms (cache hit)
53 silly packumentCache full:https://registry.npmjs.org/lightningcss set size:191065 disposed:false
54 silly fetch manifest sass@*
55 silly packumentCache full:https://registry.npmjs.org/sass cache-miss
56 http cache https://registry.npmjs.org/sass 14ms (cache hit)
57 silly packumentCache full:https://registry.npmjs.org/sass set size:750020 disposed:false
58 silly fetch manifest sass-embedded@*
59 silly packumentCache full:https://registry.npmjs.org/sass-embedded cache-miss
60 http cache https://registry.npmjs.org/sass-embedded 14ms (cache hit)
61 silly packumentCache full:https://registry.npmjs.org/sass-embedded set size:432743 disposed:false
62 silly fetch manifest stylus@*
63 silly packumentCache full:https://registry.npmjs.org/stylus cache-miss
64 http cache https://registry.npmjs.org/stylus 14ms (cache hit)
65 silly packumentCache full:https://registry.npmjs.org/stylus set size:286766 disposed:false
66 silly fetch manifest sugarss@*
67 silly packumentCache full:https://registry.npmjs.org/sugarss cache-miss
68 http cache https://registry.npmjs.org/sugarss 12ms (cache hit)
69 silly packumentCache full:https://registry.npmjs.org/sugarss set size:44975 disposed:false
70 silly fetch manifest postcss@^8.3.3
71 silly packumentCache full:https://registry.npmjs.org/postcss cache-miss
72 http cache https://registry.npmjs.org/postcss 23ms (cache hit)
73 silly packumentCache full:https://registry.npmjs.org/postcss set size:766699 disposed:false
74 silly fetch manifest terser@^5.16.0
75 silly packumentCache full:https://registry.npmjs.org/terser cache-miss
76 http cache https://registry.npmjs.org/terser 26ms (cache hit)
77 silly packumentCache full:https://registry.npmjs.org/terser set size:827672 disposed:false
78 silly fetch manifest tsx@^4.8.1
79 silly packumentCache full:https://registry.npmjs.org/tsx cache-miss
80 http cache https://registry.npmjs.org/tsx 14ms (cache hit)
81 silly packumentCache full:https://registry.npmjs.org/tsx set size:344351 disposed:false
82 silly fetch manifest yaml@^2.4.2
83 silly packumentCache full:https://registry.npmjs.org/yaml cache-miss
84 http cache https://registry.npmjs.org/yaml 12ms (cache hit)
85 silly packumentCache full:https://registry.npmjs.org/yaml set size:385754 disposed:false
86 silly placeDep ROOT axios@1.20.0 OK for:  want: ^1.7.9
87 silly placeDep ROOT react@18.3.1 OK for:  want: ^18.3.1
88 silly placeDep ROOT react-dom@18.3.1 OK for:  want: ^18.3.1
89 silly placeDep ROOT react-router-dom@7.18.3 OK for:  want: ^7.1.1
90 silly placeDep ROOT recharts@2.15.4 OK for:  want: ^2.15.0
91 silly placeDep ROOT vite@6.4.3 OK for:  want: ^6.0.5
92 silly fetch manifest form-data@^4.0.6
93 silly packumentCache full:https://registry.npmjs.org/form-data cache-miss
94 silly fetch manifest proxy-from-env@^2.1.0
95 silly packumentCache full:https://registry.npmjs.org/proxy-from-env cache-miss
96 silly fetch manifest follow-redirects@^1.16.0
97 silly packumentCache full:https://registry.npmjs.org/follow-redirects cache-miss
98 silly fetch manifest https-proxy-agent@^5.0.1
99 silly packumentCache full:https://registry.npmjs.org/https-proxy-agent cache-miss
100 silly fetch manifest loose-envify@^1.1.0
101 silly packumentCache full:https://registry.npmjs.org/loose-envify cache-miss
102 silly fetch manifest scheduler@^0.23.2
103 silly packumentCache full:https://registry.npmjs.org/scheduler cache-miss
104 silly fetch manifest loose-envify@^1.1.0
105 silly packumentCache full:https://registry.npmjs.org/loose-envify cache-miss
106 silly fetch manifest react-router@7.18.3
107 silly packumentCache full:https://registry.npmjs.org/react-router cache-miss
108 silly fetch manifest clsx@^2.0.0
109 silly packumentCache full:https://registry.npmjs.org/clsx cache-miss
110 silly fetch manifest lodash@^4.17.21
111 silly packumentCache full:https://registry.npmjs.org/lodash cache-miss
112 silly fetch manifest react-is@^18.3.1
113 silly packumentCache full:https://registry.npmjs.org/react-is cache-miss
114 silly fetch manifest react-smooth@^4.0.4
115 silly packumentCache full:https://registry.npmjs.org/react-smooth cache-miss
116 silly fetch manifest eventemitter3@^4.0.1
117 silly packumentCache full:https://registry.npmjs.org/eventemitter3 cache-miss
118 silly fetch manifest recharts-scale@^0.4.4
119 silly packumentCache full:https://registry.npmjs.org/recharts-scale cache-miss
120 silly fetch manifest tiny-invariant@^1.3.1
121 silly packumentCache full:https://registry.npmjs.org/tiny-invariant cache-miss
122 http fetch GET 200 https://registry.npmjs.org/eventemitter3 309ms (cache miss)
123 silly packumentCache full:https://registry.npmjs.org/eventemitter3 set size:undefined disposed:false
124 silly fetch manifest victory-vendor@^36.6.8
125 silly packumentCache full:https://registry.npmjs.org/victory-vendor cache-miss
126 http fetch GET 200 https://registry.npmjs.org/clsx 319ms (cache miss)
127 silly packumentCache full:https://registry.npmjs.org/clsx set size:undefined disposed:false
128 silly fetch manifest fdir@^6.4.4
129 silly packumentCache full:https://registry.npmjs.org/fdir cache-miss
130 http fetch GET 200 https://registry.npmjs.org/tiny-invariant 320ms (cache miss)
131 silly packumentCache full:https://registry.npmjs.org/tiny-invariant set size:undefined disposed:false
132 silly fetch manifest rollup@^4.34.9
133 silly packumentCache full:https://registry.npmjs.org/rollup cache-miss
134 http fetch GET 200 https://registry.npmjs.org/form-data 356ms (cache miss)
135 silly packumentCache full:https://registry.npmjs.org/form-data set size:undefined disposed:false
136 silly fetch manifest esbuild@^0.25.0
137 silly packumentCache full:https://registry.npmjs.org/esbuild cache-miss
138 http cache https://registry.npmjs.org/esbuild 37ms (cache hit)
139 silly packumentCache full:https://registry.npmjs.org/esbuild set size:1264676 disposed:false
140 silly fetch manifest postcss@^8.5.3
141 silly packumentCache full:https://registry.npmjs.org/postcss cache-hit
142 silly fetch manifest picomatch@^4.0.2
143 silly packumentCache full:https://registry.npmjs.org/picomatch cache-miss
144 http fetch GET 200 https://registry.npmjs.org/victory-vendor 153ms (cache miss)
145 silly packumentCache full:https://registry.npmjs.org/victory-vendor set size:undefined disposed:false
146 silly fetch manifest tinyglobby@^0.2.13
147 silly packumentCache full:https://registry.npmjs.org/tinyglobby cache-miss
148 http fetch GET 200 https://registry.npmjs.org/fdir 158ms (cache miss)
149 silly packumentCache full:https://registry.npmjs.org/fdir set size:undefined disposed:false
150 silly fetch manifest fsevents@~2.3.3
151 silly packumentCache full:https://registry.npmjs.org/fsevents cache-miss
152 http fetch GET 200 https://registry.npmjs.org/proxy-from-env 524ms (cache miss)
153 silly packumentCache full:https://registry.npmjs.org/proxy-from-env set size:undefined disposed:false
154 http fetch GET 200 https://registry.npmjs.org/tinyglobby 95ms (cache miss)
155 silly packumentCache full:https://registry.npmjs.org/tinyglobby set size:undefined disposed:false
156 http fetch GET 200 https://registry.npmjs.org/fsevents 101ms (cache miss)
157 silly packumentCache full:https://registry.npmjs.org/fsevents set size:undefined disposed:false
158 http fetch GET 200 https://registry.npmjs.org/loose-envify 716ms (cache miss)
159 silly packumentCache full:https://registry.npmjs.org/loose-envify set size:undefined disposed:false
160 http fetch GET 200 https://registry.npmjs.org/loose-envify 738ms (cache miss)
161 silly packumentCache full:https://registry.npmjs.org/loose-envify set size:undefined disposed:false
162 http fetch GET 200 https://registry.npmjs.org/follow-redirects 741ms (cache miss)
163 silly packumentCache full:https://registry.npmjs.org/follow-redirects set size:undefined disposed:false
164 http fetch GET 200 https://registry.npmjs.org/scheduler 751ms (cache miss)
165 silly packumentCache full:https://registry.npmjs.org/scheduler set size:undefined disposed:false
166 http fetch GET 200 https://registry.npmjs.org/picomatch 506ms (cache miss)
167 silly packumentCache full:https://registry.npmjs.org/picomatch set size:undefined disposed:false
168 http fetch GET 200 https://registry.npmjs.org/recharts-scale 942ms (cache miss)
169 silly packumentCache full:https://registry.npmjs.org/recharts-scale set size:undefined disposed:false
170 http fetch GET 200 https://registry.npmjs.org/https-proxy-agent 951ms (cache miss)
171 silly packumentCache full:https://registry.npmjs.org/https-proxy-agent set size:undefined disposed:false
172 http fetch GET 200 https://registry.npmjs.org/react-smooth 955ms (cache miss)
173 silly packumentCache full:https://registry.npmjs.org/react-smooth set size:undefined disposed:false
174 http fetch GET 200 https://registry.npmjs.org/lodash 963ms (cache miss)
175 silly packumentCache full:https://registry.npmjs.org/lodash set size:undefined disposed:false
176 http fetch GET 200 https://registry.npmjs.org/rollup 662ms (cache miss)
177 silly packumentCache full:https://registry.npmjs.org/rollup set size:undefined disposed:false
178 http fetch GET 200 https://registry.npmjs.org/react-router 1194ms (cache miss)
179 silly packumentCache full:https://registry.npmjs.org/react-router set size:undefined disposed:false
180 http fetch GET 200 https://registry.npmjs.org/react-is 1388ms (cache miss)
181 silly packumentCache full:https://registry.npmjs.org/react-is set size:undefined disposed:false
182 silly placeDep ROOT follow-redirects@1.16.0 OK for: axios@1.20.0 want: ^1.16.0
183 silly placeDep ROOT form-data@4.0.6 OK for: axios@1.20.0 want: ^4.0.6
184 silly placeDep ROOT https-proxy-agent@5.0.1 OK for: axios@1.20.0 want: ^5.0.1
185 silly placeDep ROOT proxy-from-env@2.1.0 OK for: axios@1.20.0 want: ^2.1.0
186 silly fetch manifest hasown@^2.0.4
187 silly packumentCache full:https://registry.npmjs.org/hasown cache-miss
188 silly fetch manifest asynckit@^0.4.0
189 silly packumentCache full:https://registry.npmjs.org/asynckit cache-miss
190 silly fetch manifest mime-types@^2.1.35
191 silly packumentCache full:https://registry.npmjs.org/mime-types cache-miss
192 silly fetch manifest combined-stream@^1.0.8
193 silly packumentCache full:https://registry.npmjs.org/combined-stream cache-miss
194 silly fetch manifest es-set-tostringtag@^2.1.0
195 silly packumentCache full:https://registry.npmjs.org/es-set-tostringtag cache-miss
196 silly fetch manifest debug@4
197 silly packumentCache full:https://registry.npmjs.org/debug cache-miss
198 silly fetch manifest agent-base@6
199 silly packumentCache full:https://registry.npmjs.org/agent-base cache-miss
200 http fetch GET 200 https://registry.npmjs.org/asynckit 96ms (cache miss)
201 silly packumentCache full:https://registry.npmjs.org/asynckit set size:undefined disposed:false
202 http fetch GET 200 https://registry.npmjs.org/hasown 98ms (cache miss)
203 silly packumentCache full:https://registry.npmjs.org/hasown set size:undefined disposed:false
204 http fetch GET 200 https://registry.npmjs.org/es-set-tostringtag 100ms (cache miss)
205 silly packumentCache full:https://registry.npmjs.org/es-set-tostringtag set size:undefined disposed:false
206 http fetch GET 200 https://registry.npmjs.org/combined-stream 105ms (cache miss)
207 silly packumentCache full:https://registry.npmjs.org/combined-stream set size:undefined disposed:false
208 http fetch GET 200 https://registry.npmjs.org/agent-base 110ms (cache miss)
209 silly packumentCache full:https://registry.npmjs.org/agent-base set size:undefined disposed:false
210 http fetch GET 200 https://registry.npmjs.org/mime-types 115ms (cache miss)
211 silly packumentCache full:https://registry.npmjs.org/mime-types set size:undefined disposed:false
212 http fetch GET 200 https://registry.npmjs.org/debug 127ms (cache miss)
213 silly packumentCache full:https://registry.npmjs.org/debug set size:undefined disposed:false
214 silly placeDep ROOT asynckit@0.4.0 OK for: form-data@4.0.6 want: ^0.4.0
215 silly placeDep ROOT combined-stream@1.0.8 OK for: form-data@4.0.6 want: ^1.0.8
216 silly placeDep ROOT es-set-tostringtag@2.1.0 OK for: form-data@4.0.6 want: ^2.1.0
217 silly placeDep ROOT hasown@2.0.4 OK for: form-data@4.0.6 want: ^2.0.4
218 silly placeDep ROOT mime-types@2.1.35 OK for: form-data@4.0.6 want: ^2.1.35
219 silly fetch manifest delayed-stream@~1.0.0
220 silly packumentCache full:https://registry.npmjs.org/delayed-stream cache-miss
221 silly fetch manifest es-errors@^1.3.0
222 silly packumentCache full:https://registry.npmjs.org/es-errors cache-miss
223 silly fetch manifest get-intrinsic@^1.2.6
224 silly packumentCache full:https://registry.npmjs.org/get-intrinsic cache-miss
225 silly fetch manifest has-tostringtag@^1.0.2
226 silly packumentCache full:https://registry.npmjs.org/has-tostringtag cache-miss
227 silly fetch manifest hasown@^2.0.2
228 silly packumentCache full:https://registry.npmjs.org/hasown cache-miss
229 silly fetch manifest function-bind@^1.1.2
230 silly packumentCache full:https://registry.npmjs.org/function-bind cache-miss
231 silly fetch manifest mime-db@1.52.0
232 silly packumentCache full:https://registry.npmjs.org/mime-db cache-miss
233 http cache https://registry.npmjs.org/hasown 31ms (cache hit)
234 silly packumentCache full:https://registry.npmjs.org/hasown set size:18361 disposed:false
235 http fetch GET 200 https://registry.npmjs.org/delayed-stream 97ms (cache miss)
236 silly packumentCache full:https://registry.npmjs.org/delayed-stream set size:undefined disposed:false
237 http fetch GET 200 https://registry.npmjs.org/function-bind 100ms (cache miss)
238 silly packumentCache full:https://registry.npmjs.org/function-bind set size:undefined disposed:false
239 http fetch GET 200 https://registry.npmjs.org/es-errors 104ms (cache miss)
240 silly packumentCache full:https://registry.npmjs.org/es-errors set size:undefined disposed:false
241 http fetch GET 200 https://registry.npmjs.org/has-tostringtag 107ms (cache miss)
242 silly packumentCache full:https://registry.npmjs.org/has-tostringtag set size:undefined disposed:false
243 http fetch GET 200 https://registry.npmjs.org/get-intrinsic 118ms (cache miss)
244 silly packumentCache full:https://registry.npmjs.org/get-intrinsic set size:undefined disposed:false
245 http fetch GET 200 https://registry.npmjs.org/mime-db 192ms (cache miss)
246 silly packumentCache full:https://registry.npmjs.org/mime-db set size:undefined disposed:false
247 silly placeDep ROOT delayed-stream@1.0.0 OK for: combined-stream@1.0.8 want: ~1.0.0
248 silly placeDep ROOT es-errors@1.3.0 OK for: es-set-tostringtag@2.1.0 want: ^1.3.0
249 silly placeDep ROOT get-intrinsic@1.3.0 OK for: es-set-tostringtag@2.1.0 want: ^1.2.6
250 silly placeDep ROOT has-tostringtag@1.0.2 OK for: es-set-tostringtag@2.1.0 want: ^1.0.2
251 silly fetch manifest gopd@^1.2.0
252 silly packumentCache full:https://registry.npmjs.org/gopd cache-miss
253 silly fetch manifest get-proto@^1.0.1
254 silly packumentCache full:https://registry.npmjs.org/get-proto cache-miss
255 silly fetch manifest has-symbols@^1.1.0
256 silly packumentCache full:https://registry.npmjs.org/has-symbols cache-miss
257 silly fetch manifest es-object-atoms@^1.1.1
258 silly packumentCache full:https://registry.npmjs.org/es-object-atoms cache-miss
259 silly fetch manifest math-intrinsics@^1.1.0
260 silly packumentCache full:https://registry.npmjs.org/math-intrinsics cache-miss
261 silly fetch manifest es-define-property@^1.0.1
262 silly packumentCache full:https://registry.npmjs.org/es-define-property cache-miss
263 silly fetch manifest call-bind-apply-helpers@^1.0.2
264 silly packumentCache full:https://registry.npmjs.org/call-bind-apply-helpers cache-miss
265 silly fetch manifest has-symbols@^1.0.3
266 silly packumentCache full:https://registry.npmjs.org/has-symbols cache-miss
267 http fetch GET 200 https://registry.npmjs.org/es-define-property 97ms (cache miss)
268 silly packumentCache full:https://registry.npmjs.org/es-define-property set size:undefined disposed:false
269 http fetch GET 200 https://registry.npmjs.org/call-bind-apply-helpers 103ms (cache miss)
270 silly packumentCache full:https://registry.npmjs.org/call-bind-apply-helpers set size:undefined disposed:false
271 http fetch GET 200 https://registry.npmjs.org/math-intrinsics 106ms (cache miss)
272 silly packumentCache full:https://registry.npmjs.org/math-intrinsics set size:undefined disposed:false
273 http fetch GET 200 https://registry.npmjs.org/has-symbols 133ms (cache miss)
274 silly packumentCache full:https://registry.npmjs.org/has-symbols set size:undefined disposed:false
275 http fetch GET 200 https://registry.npmjs.org/es-object-atoms 233ms (cache miss)
276 silly packumentCache full:https://registry.npmjs.org/es-object-atoms set size:undefined disposed:false
277 http fetch GET 200 https://registry.npmjs.org/get-proto 358ms (cache miss)
278 silly packumentCache full:https://registry.npmjs.org/get-proto set size:undefined disposed:false
279 http fetch GET 200 https://registry.npmjs.org/gopd 386ms (cache miss)
280 silly packumentCache full:https://registry.npmjs.org/gopd set size:undefined disposed:false
281 http fetch GET 200 https://registry.npmjs.org/has-symbols 564ms (cache miss)
282 silly packumentCache full:https://registry.npmjs.org/has-symbols set size:undefined disposed:false
283 silly placeDep ROOT call-bind-apply-helpers@1.0.2 OK for: get-intrinsic@1.3.0 want: ^1.0.2
284 silly placeDep ROOT es-define-property@1.0.1 OK for: get-intrinsic@1.3.0 want: ^1.0.1
285 silly placeDep ROOT es-object-atoms@1.1.2 OK for: get-intrinsic@1.3.0 want: ^1.1.1
286 silly placeDep ROOT function-bind@1.1.2 OK for: get-intrinsic@1.3.0 want: ^1.1.2
287 silly placeDep ROOT get-proto@1.0.1 OK for: get-intrinsic@1.3.0 want: ^1.0.1
288 silly placeDep ROOT gopd@1.2.0 OK for: get-intrinsic@1.3.0 want: ^1.2.0
289 silly placeDep ROOT has-symbols@1.1.0 OK for: get-intrinsic@1.3.0 want: ^1.1.0
290 silly placeDep ROOT math-intrinsics@1.1.0 OK for: get-intrinsic@1.3.0 want: ^1.1.0
291 silly fetch manifest dunder-proto@^1.0.1
292 silly packumentCache full:https://registry.npmjs.org/dunder-proto cache-miss
293 http fetch GET 200 https://registry.npmjs.org/dunder-proto 64ms (cache miss)
294 silly packumentCache full:https://registry.npmjs.org/dunder-proto set size:undefined disposed:false
295 silly placeDep ROOT dunder-proto@1.0.1 OK for: get-proto@1.0.1 want: ^1.0.1
296 silly placeDep ROOT agent-base@6.0.2 OK for: https-proxy-agent@5.0.1 want: 6
297 silly placeDep ROOT debug@4.4.3 OK for: https-proxy-agent@5.0.1 want: 4
298 silly fetch manifest ms@^2.1.3
299 silly packumentCache full:https://registry.npmjs.org/ms cache-miss
300 http fetch GET 200 https://registry.npmjs.org/ms 74ms (cache miss)
301 silly packumentCache full:https://registry.npmjs.org/ms set size:undefined disposed:false
302 silly placeDep ROOT ms@2.1.3 OK for: debug@4.4.3 want: ^2.1.3
303 silly placeDep ROOT mime-db@1.52.0 OK for: mime-types@2.1.35 want: 1.52.0
304 silly placeDep ROOT loose-envify@1.4.0 OK for: react@18.3.1 want: ^1.1.0
305 silly fetch manifest js-tokens@^3.0.0 || ^4.0.0
306 silly packumentCache full:https://registry.npmjs.org/js-tokens cache-miss
307 http fetch GET 200 https://registry.npmjs.org/js-tokens 84ms (cache miss)
308 silly packumentCache full:https://registry.npmjs.org/js-tokens set size:undefined disposed:false
309 silly placeDep ROOT js-tokens@4.0.0 OK for: loose-envify@1.4.0 want: ^3.0.0 || ^4.0.0
310 silly placeDep ROOT scheduler@0.23.2 OK for: react-dom@18.3.1 want: ^0.23.2
311 silly fetch manifest react@>=18
312 silly packumentCache full:https://registry.npmjs.org/react cache-miss
313 http cache https://registry.npmjs.org/react 52ms (cache hit)
314 silly packumentCache full:https://registry.npmjs.org/react set size:6960920 disposed:false
315 silly fetch manifest react-dom@>=18
316 silly packumentCache full:https://registry.npmjs.org/react-dom cache-miss
317 http cache https://registry.npmjs.org/react-dom 44ms (cache hit)
318 silly packumentCache full:https://registry.npmjs.org/react-dom set size:9367504 disposed:false
319 silly placeDep ROOT react-router@7.18.3 OK for: react-router-dom@7.18.3 want: 7.18.3
320 silly fetch manifest cookie@^1.0.1
321 silly packumentCache full:https://registry.npmjs.org/cookie cache-miss
322 silly fetch manifest set-cookie-parser@^2.6.0
323 silly packumentCache full:https://registry.npmjs.org/set-cookie-parser cache-miss
324 http fetch GET 200 https://registry.npmjs.org/set-cookie-parser 84ms (cache miss)
325 silly packumentCache full:https://registry.npmjs.org/set-cookie-parser set size:undefined disposed:false
326 http fetch GET 200 https://registry.npmjs.org/cookie 93ms (cache miss)
327 silly packumentCache full:https://registry.npmjs.org/cookie set size:undefined disposed:false
328 silly placeDep ROOT cookie@1.1.1 OK for: react-router@7.18.3 want: ^1.0.1
329 silly placeDep ROOT set-cookie-parser@2.7.2 OK for: react-router@7.18.3 want: ^2.6.0
330 silly fetch manifest react@^16.0.0 || ^17.0.0 || ^18.0.0 || ^19.0.0
331 silly packumentCache full:https://registry.npmjs.org/react cache-miss
332 http cache https://registry.npmjs.org/react 42ms (cache hit)
333 silly packumentCache full:https://registry.npmjs.org/react set size:6960920 disposed:false
334 silly fetch manifest react-dom@^16.0.0 || ^17.0.0 || ^18.0.0 || ^19.0.0
335 silly packumentCache full:https://registry.npmjs.org/react-dom cache-miss
336 http cache https://registry.npmjs.org/react-dom 44ms (cache hit)
337 silly packumentCache full:https://registry.npmjs.org/react-dom set size:9367504 disposed:false
338 silly placeDep ROOT clsx@2.1.1 OK for: recharts@2.15.4 want: ^2.0.0
339 silly placeDep ROOT eventemitter3@4.0.7 OK for: recharts@2.15.4 want: ^4.0.1
340 silly placeDep ROOT lodash@4.18.1 OK for: recharts@2.15.4 want: ^4.17.21
341 silly placeDep ROOT react-is@18.3.1 OK for: recharts@2.15.4 want: ^18.3.1
342 silly placeDep ROOT react-smooth@4.0.4 OK for: recharts@2.15.4 want: ^4.0.4
343 silly placeDep ROOT recharts-scale@0.4.5 OK for: recharts@2.15.4 want: ^0.4.4
344 silly placeDep ROOT tiny-invariant@1.3.3 OK for: recharts@2.15.4 want: ^1.3.1
345 silly placeDep ROOT victory-vendor@36.9.2 OK for: recharts@2.15.4 want: ^36.6.8
346 silly fetch manifest fast-equals@^5.0.1
347 silly packumentCache full:https://registry.npmjs.org/fast-equals cache-miss
348 silly fetch manifest prop-types@^15.8.1
349 silly packumentCache full:https://registry.npmjs.org/prop-types cache-miss
350 silly fetch manifest react-transition-group@^4.4.5
351 silly packumentCache full:https://registry.npmjs.org/react-transition-group cache-miss
352 silly fetch manifest decimal.js-light@^2.4.1
353 silly packumentCache full:https://registry.npmjs.org/decimal.js-light cache-miss
354 silly fetch manifest d3-ease@^3.0.1
355 silly packumentCache full:https://registry.npmjs.org/d3-ease cache-miss
356 silly fetch manifest d3-time@^3.0.0
357 silly packumentCache full:https://registry.npmjs.org/d3-time cache-miss
358 silly fetch manifest d3-array@^3.1.6
359 silly packumentCache full:https://registry.npmjs.org/d3-array cache-miss
360 silly fetch manifest d3-scale@^4.0.2
361 silly packumentCache full:https://registry.npmjs.org/d3-scale cache-miss
362 silly fetch manifest d3-shape@^3.1.0
363 silly packumentCache full:https://registry.npmjs.org/d3-shape cache-miss
364 silly fetch manifest d3-timer@^3.0.1
365 silly packumentCache full:https://registry.npmjs.org/d3-timer cache-miss
366 silly fetch manifest @types/d3-ease@^3.0.0
367 silly packumentCache full:https://registry.npmjs.org/@types%2fd3-ease cache-miss
368 silly fetch manifest @types/d3-time@^3.0.0
369 silly packumentCache full:https://registry.npmjs.org/@types%2fd3-time cache-miss
370 silly fetch manifest d3-interpolate@^3.0.1
371 silly packumentCache full:https://registry.npmjs.org/d3-interpolate cache-miss
372 silly fetch manifest @types/d3-array@^3.0.3
373 silly packumentCache full:https://registry.npmjs.org/@types%2fd3-array cache-miss
374 silly fetch manifest @types/d3-scale@^4.0.2
375 silly packumentCache full:https://registry.npmjs.org/@types%2fd3-scale cache-miss
376 http fetch GET 200 https://registry.npmjs.org/d3-timer 118ms (cache miss)
377 silly packumentCache full:https://registry.npmjs.org/d3-timer set size:undefined disposed:false
378 silly fetch manifest @types/d3-shape@^3.1.0
379 silly packumentCache full:https://registry.npmjs.org/@types%2fd3-shape cache-miss
380 http fetch GET 200 https://registry.npmjs.org/@types%2fd3-array 130ms (cache miss)
381 silly packumentCache full:https://registry.npmjs.org/@types%2fd3-array set size:undefined disposed:false
382 silly fetch manifest @types/d3-timer@^3.0.0
383 silly packumentCache full:https://registry.npmjs.org/@types%2fd3-timer cache-miss
384 http fetch GET 200 https://registry.npmjs.org/d3-interpolate 137ms (cache miss)
385 silly packumentCache full:https://registry.npmjs.org/d3-interpolate set size:undefined disposed:false
386 silly fetch manifest @types/d3-interpolate@^3.0.1
387 silly packumentCache full:https://registry.npmjs.org/@types%2fd3-interpolate cache-miss
388 http fetch GET 200 https://registry.npmjs.org/d3-time 145ms (cache miss)
389 silly packumentCache full:https://registry.npmjs.org/d3-time set size:undefined disposed:false
390 http fetch GET 200 https://registry.npmjs.org/@types%2fd3-time 147ms (cache miss)
391 silly packumentCache full:https://registry.npmjs.org/@types%2fd3-time set size:undefined disposed:false
392 http fetch GET 200 https://registry.npmjs.org/@types%2fd3-interpolate 96ms (cache miss)
393 silly packumentCache full:https://registry.npmjs.org/@types%2fd3-interpolate set size:undefined disposed:false
394 http fetch GET 200 https://registry.npmjs.org/d3-array 357ms (cache miss)
395 silly packumentCache full:https://registry.npmjs.org/d3-array set size:undefined disposed:false
396 http fetch GET 200 https://registry.npmjs.org/d3-ease 363ms (cache miss)
397 silly packumentCache full:https://registry.npmjs.org/d3-ease set size:undefined disposed:false
398 http fetch GET 200 https://registry.npmjs.org/prop-types 369ms (cache miss)
399 silly packumentCache full:https://registry.npmjs.org/prop-types set size:undefined disposed:false
400 http fetch GET 200 https://registry.npmjs.org/decimal.js-light 371ms (cache miss)
401 silly packumentCache full:https://registry.npmjs.org/decimal.js-light set size:undefined disposed:false
402 http fetch GET 200 https://registry.npmjs.org/fast-equals 382ms (cache miss)
403 silly packumentCache full:https://registry.npmjs.org/fast-equals set size:undefined disposed:false
404 http fetch GET 200 https://registry.npmjs.org/d3-shape 399ms (cache miss)
405 silly packumentCache full:https://registry.npmjs.org/d3-shape set size:undefined disposed:false
406 http fetch GET 200 https://registry.npmjs.org/@types%2fd3-scale 408ms (cache miss)
407 silly packumentCache full:https://registry.npmjs.org/@types%2fd3-scale set size:undefined disposed:false
408 http fetch GET 200 https://registry.npmjs.org/d3-scale 415ms (cache miss)
409 silly packumentCache full:https://registry.npmjs.org/d3-scale set size:undefined disposed:false
410 http fetch GET 200 https://registry.npmjs.org/@types%2fd3-timer 341ms (cache miss)
411 silly packumentCache full:https://registry.npmjs.org/@types%2fd3-timer set size:undefined disposed:false
412 http fetch GET 200 https://registry.npmjs.org/react-transition-group 539ms (cache miss)
413 silly packumentCache full:https://registry.npmjs.org/react-transition-group set size:undefined disposed:false
414 http fetch GET 200 https://registry.npmjs.org/@types%2fd3-ease 602ms (cache miss)
415 silly packumentCache full:https://registry.npmjs.org/@types%2fd3-ease set size:undefined disposed:false
416 http fetch GET 200 https://registry.npmjs.org/@types%2fd3-shape 580ms (cache miss)
417 silly packumentCache full:https://registry.npmjs.org/@types%2fd3-shape set size:undefined disposed:false
418 silly fetch manifest react@^16.8.0 || ^17.0.0 || ^18.0.0 || ^19.0.0
419 silly packumentCache full:https://registry.npmjs.org/react cache-miss
420 http cache https://registry.npmjs.org/react 36ms (cache hit)
421 silly packumentCache full:https://registry.npmjs.org/react set size:6960920 disposed:false
422 silly fetch manifest react-dom@^16.8.0 || ^17.0.0 || ^18.0.0 || ^19.0.0
423 silly packumentCache full:https://registry.npmjs.org/react-dom cache-miss
424 http cache https://registry.npmjs.org/react-dom 48ms (cache hit)
425 silly packumentCache full:https://registry.npmjs.org/react-dom set size:9367504 disposed:false
426 silly placeDep ROOT fast-equals@5.4.2 OK for: react-smooth@4.0.4 want: ^5.0.1
427 silly placeDep ROOT prop-types@15.8.1 OK for: react-smooth@4.0.4 want: ^15.8.1
428 silly placeDep ROOT react-transition-group@4.4.5 OK for: react-smooth@4.0.4 want: ^4.4.5
429 silly fetch manifest object-assign@^4.1.1
430 silly packumentCache full:https://registry.npmjs.org/object-assign cache-miss
431 silly fetch manifest react-is@^16.13.1
432 silly packumentCache full:https://registry.npmjs.org/react-is cache-miss
433 silly fetch manifest @babel/runtime@^7.5.5
434 silly packumentCache full:https://registry.npmjs.org/@babel%2fruntime cache-miss
435 silly fetch manifest dom-helpers@^5.0.1
436 silly packumentCache full:https://registry.npmjs.org/dom-helpers cache-miss
437 http cache https://registry.npmjs.org/@babel%2fruntime 33ms (cache hit)
438 silly packumentCache full:https://registry.npmjs.org/@babel%2fruntime set size:3471810 disposed:false
439 http cache https://registry.npmjs.org/react-is 85ms (cache hit)
440 silly packumentCache full:https://registry.npmjs.org/react-is set size:5633661 disposed:false
441 http fetch GET 200 https://registry.npmjs.org/object-assign 182ms (cache miss)
442 silly packumentCache full:https://registry.npmjs.org/object-assign set size:undefined disposed:false
443 http fetch GET 200 https://registry.npmjs.org/dom-helpers 379ms (cache miss)
444 silly packumentCache full:https://registry.npmjs.org/dom-helpers set size:undefined disposed:false
445 silly placeDep ROOT object-assign@4.1.1 OK for: prop-types@15.8.1 want: ^4.1.1
446 silly placeDep node_modules/prop-types react-is@16.13.1 OK for: prop-types@15.8.1 want: ^16.13.1
447 silly placeDep ROOT @babel/runtime@7.29.7 OK for: react-transition-group@4.4.5 want: ^7.5.5
448 silly placeDep ROOT dom-helpers@5.2.1 OK for: react-transition-group@4.4.5 want: ^5.0.1
449 silly fetch manifest csstype@^3.0.2
450 silly packumentCache full:https://registry.npmjs.org/csstype cache-miss
451 http fetch GET 200 https://registry.npmjs.org/csstype 108ms (cache miss)
452 silly packumentCache full:https://registry.npmjs.org/csstype set size:undefined disposed:false
453 silly placeDep ROOT csstype@3.2.3 OK for: dom-helpers@5.2.1 want: ^3.0.2
454 silly placeDep ROOT decimal.js-light@2.5.1 OK for: recharts-scale@0.4.5 want: ^2.4.1
455 silly placeDep ROOT @types/d3-array@3.2.2 OK for: victory-vendor@36.9.2 want: ^3.0.3
456 silly placeDep ROOT @types/d3-ease@3.0.2 OK for: victory-vendor@36.9.2 want: ^3.0.0
457 silly placeDep ROOT @types/d3-interpolate@3.0.4 OK for: victory-vendor@36.9.2 want: ^3.0.1
458 silly placeDep ROOT @types/d3-scale@4.0.9 OK for: victory-vendor@36.9.2 want: ^4.0.2
459 silly placeDep ROOT @types/d3-shape@3.2.0 OK for: victory-vendor@36.9.2 want: ^3.1.0
460 silly placeDep ROOT @types/d3-time@3.0.4 OK for: victory-vendor@36.9.2 want: ^3.0.0
461 silly placeDep ROOT @types/d3-timer@3.0.2 OK for: victory-vendor@36.9.2 want: ^3.0.0
462 silly placeDep ROOT d3-array@3.2.4 OK for: victory-vendor@36.9.2 want: ^3.1.6
463 silly placeDep ROOT d3-ease@3.0.1 OK for: victory-vendor@36.9.2 want: ^3.0.1
464 silly placeDep ROOT d3-interpolate@3.0.1 OK for: victory-vendor@36.9.2 want: ^3.0.1
465 silly placeDep ROOT d3-scale@4.0.2 OK for: victory-vendor@36.9.2 want: ^4.0.2
466 silly placeDep ROOT d3-shape@3.2.0 OK for: victory-vendor@36.9.2 want: ^3.1.0
467 silly placeDep ROOT d3-time@3.1.0 OK for: victory-vendor@36.9.2 want: ^3.0.0
468 silly placeDep ROOT d3-timer@3.0.1 OK for: victory-vendor@36.9.2 want: ^3.0.1
469 silly fetch manifest @types/d3-color@*
470 silly packumentCache full:https://registry.npmjs.org/@types%2fd3-color cache-miss
471 silly fetch manifest @types/d3-time@*
472 silly packumentCache full:https://registry.npmjs.org/@types%2fd3-time cache-miss
473 silly fetch manifest @types/d3-path@*
474 silly packumentCache full:https://registry.npmjs.org/@types%2fd3-path cache-miss
475 silly fetch manifest internmap@1 - 2
476 silly packumentCache full:https://registry.npmjs.org/internmap cache-miss
477 silly fetch manifest d3-color@1 - 3
478 silly packumentCache full:https://registry.npmjs.org/d3-color cache-miss
479 silly fetch manifest d3-format@1 - 3
480 silly packumentCache full:https://registry.npmjs.org/d3-format cache-miss
481 silly fetch manifest d3-time@2.1.1 - 3
482 silly packumentCache full:https://registry.npmjs.org/d3-time cache-miss
483 silly fetch manifest d3-time-format@2 - 4
484 silly packumentCache full:https://registry.npmjs.org/d3-time-format cache-miss
485 silly fetch manifest d3-path@^3.1.0
486 silly packumentCache full:https://registry.npmjs.org/d3-path cache-miss
487 http cache https://registry.npmjs.org/@types%2fd3-time 23ms (cache hit)
488 silly packumentCache full:https://registry.npmjs.org/@types%2fd3-time set size:52652 disposed:false
489 http cache https://registry.npmjs.org/d3-time 23ms (cache hit)
490 silly packumentCache full:https://registry.npmjs.org/d3-time set size:150406 disposed:false
491 http fetch GET 200 https://registry.npmjs.org/d3-format 87ms (cache miss)
492 silly packumentCache full:https://registry.npmjs.org/d3-format set size:undefined disposed:false
493 http fetch GET 200 https://registry.npmjs.org/@types%2fd3-path 91ms (cache miss)
494 silly packumentCache full:https://registry.npmjs.org/@types%2fd3-path set size:undefined disposed:false
495 http fetch GET 200 https://registry.npmjs.org/@types%2fd3-color 138ms (cache miss)
496 silly packumentCache full:https://registry.npmjs.org/@types%2fd3-color set size:undefined disposed:false
497 http fetch GET 200 https://registry.npmjs.org/d3-time-format 275ms (cache miss)
498 silly packumentCache full:https://registry.npmjs.org/d3-time-format set size:undefined disposed:false
499 http fetch GET 200 https://registry.npmjs.org/d3-path 351ms (cache miss)
500 silly packumentCache full:https://registry.npmjs.org/d3-path set size:undefined disposed:false
501 http fetch GET 200 https://registry.npmjs.org/d3-color 357ms (cache miss)
502 silly packumentCache full:https://registry.npmjs.org/d3-color set size:undefined disposed:false
503 http fetch GET 200 https://registry.npmjs.org/internmap 534ms (cache miss)
504 silly packumentCache full:https://registry.npmjs.org/internmap set size:undefined disposed:false
505 silly placeDep ROOT @types/d3-color@3.1.3 OK for: @types/d3-interpolate@3.0.4 want: *
506 silly placeDep ROOT @types/d3-path@3.1.1 OK for: @types/d3-shape@3.2.0 want: *
507 silly placeDep ROOT internmap@2.0.3 OK for: d3-array@3.2.4 want: 1 - 2
508 silly placeDep ROOT d3-color@3.1.0 OK for: d3-interpolate@3.0.1 want: 1 - 3
509 silly placeDep ROOT d3-format@3.1.2 OK for: d3-scale@4.0.2 want: 1 - 3
510 silly placeDep ROOT d3-time-format@4.1.0 OK for: d3-scale@4.0.2 want: 2 - 4
511 silly placeDep ROOT d3-path@3.1.0 OK for: d3-shape@3.2.0 want: ^3.1.0
512 silly placeDep ROOT esbuild@0.25.12 OK for: vite@6.4.3 want: ^0.25.0
513 silly placeDep ROOT fdir@6.5.0 OK for: vite@6.4.3 want: ^6.4.4
514 silly placeDep ROOT fsevents@2.3.3 OK for: vite@6.4.3 want: ~2.3.3
515 silly placeDep ROOT picomatch@4.0.7 OK for: vite@6.4.3 want: ^4.0.2
516 silly placeDep ROOT postcss@8.5.28 OK for: vite@6.4.3 want: ^8.5.3
517 silly placeDep ROOT rollup@4.63.1 OK for: vite@6.4.3 want: ^4.34.9
518 silly placeDep ROOT tinyglobby@0.2.17 OK for: vite@6.4.3 want: ^0.2.13
519 silly fetch manifest @esbuild/aix-ppc64@0.25.12
520 silly packumentCache full:https://registry.npmjs.org/@esbuild%2faix-ppc64 cache-miss
521 silly fetch manifest @esbuild/linux-arm@0.25.12
522 silly packumentCache full:https://registry.npmjs.org/@esbuild%2flinux-arm cache-miss
523 silly fetch manifest @esbuild/linux-x64@0.25.12
524 silly packumentCache full:https://registry.npmjs.org/@esbuild%2flinux-x64 cache-miss
525 silly fetch manifest @esbuild/sunos-x64@0.25.12
526 silly packumentCache full:https://registry.npmjs.org/@esbuild%2fsunos-x64 cache-miss
527 silly fetch manifest @esbuild/win32-x64@0.25.12
528 silly packumentCache full:https://registry.npmjs.org/@esbuild%2fwin32-x64 cache-miss
529 silly fetch manifest @esbuild/darwin-x64@0.25.12
530 silly packumentCache full:https://registry.npmjs.org/@esbuild%2fdarwin-x64 cache-miss
531 silly fetch manifest @esbuild/linux-ia32@0.25.12
532 silly packumentCache full:https://registry.npmjs.org/@esbuild%2flinux-ia32 cache-miss
533 silly fetch manifest @esbuild/netbsd-x64@0.25.12
534 silly packumentCache full:https://registry.npmjs.org/@esbuild%2fnetbsd-x64 cache-miss
535 silly fetch manifest @esbuild/win32-ia32@0.25.12
536 silly packumentCache full:https://registry.npmjs.org/@esbuild%2fwin32-ia32 cache-miss
537 silly fetch manifest @esbuild/android-arm@0.25.12
538 silly packumentCache full:https://registry.npmjs.org/@esbuild%2fandroid-arm cache-miss
539 silly fetch manifest @esbuild/android-x64@0.25.12
540 silly packumentCache full:https://registry.npmjs.org/@esbuild%2fandroid-x64 cache-miss
541 silly fetch manifest @esbuild/freebsd-x64@0.25.12
542 silly packumentCache full:https://registry.npmjs.org/@esbuild%2ffreebsd-x64 cache-miss
543 silly fetch manifest @esbuild/linux-arm64@0.25.12
544 silly packumentCache full:https://registry.npmjs.org/@esbuild%2flinux-arm64 cache-miss
545 silly fetch manifest @esbuild/linux-ppc64@0.25.12
546 silly packumentCache full:https://registry.npmjs.org/@esbuild%2flinux-ppc64 cache-miss
547 silly fetch manifest @esbuild/linux-s390x@0.25.12
548 silly packumentCache full:https://registry.npmjs.org/@esbuild%2flinux-s390x cache-miss
549 http fetch GET 200 https://registry.npmjs.org/@esbuild%2fandroid-arm 150ms (cache miss)
550 silly packumentCache full:https://registry.npmjs.org/@esbuild%2fandroid-arm set size:undefined disposed:false
551 silly fetch manifest @esbuild/openbsd-x64@0.25.12
552 silly packumentCache full:https://registry.npmjs.org/@esbuild%2fopenbsd-x64 cache-miss
553 http fetch GET 200 https://registry.npmjs.org/@esbuild%2fdarwin-x64 165ms (cache miss)
554 silly packumentCache full:https://registry.npmjs.org/@esbuild%2fdarwin-x64 set size:undefined disposed:false
555 silly fetch manifest @esbuild/win32-arm64@0.25.12
556 silly packumentCache full:https://registry.npmjs.org/@esbuild%2fwin32-arm64 cache-miss
557 http fetch GET 200 https://registry.npmjs.org/@esbuild%2ffreebsd-x64 167ms (cache miss)
558 silly packumentCache full:https://registry.npmjs.org/@esbuild%2ffreebsd-x64 set size:undefined disposed:false
559 silly fetch manifest @esbuild/darwin-arm64@0.25.12
560 silly packumentCache full:https://registry.npmjs.org/@esbuild%2fdarwin-arm64 cache-miss
561 http fetch GET 200 https://registry.npmjs.org/@esbuild%2flinux-s390x 177ms (cache miss)
562 silly packumentCache full:https://registry.npmjs.org/@esbuild%2flinux-s390x set size:undefined disposed:false
563 silly fetch manifest @esbuild/netbsd-arm64@0.25.12
564 silly packumentCache full:https://registry.npmjs.org/@esbuild%2fnetbsd-arm64 cache-miss
565 http fetch GET 200 https://registry.npmjs.org/@esbuild%2faix-ppc64 191ms (cache miss)
566 silly packumentCache full:https://registry.npmjs.org/@esbuild%2faix-ppc64 set size:undefined disposed:false
567 silly fetch manifest @esbuild/android-arm64@0.25.12
568 silly packumentCache full:https://registry.npmjs.org/@esbuild%2fandroid-arm64 cache-miss
569 http fetch GET 200 https://registry.npmjs.org/@esbuild%2fwin32-x64 244ms (cache miss)
570 silly packumentCache full:https://registry.npmjs.org/@esbuild%2fwin32-x64 set size:undefined disposed:false
571 silly fetch manifest @esbuild/freebsd-arm64@0.25.12
572 silly packumentCache full:https://registry.npmjs.org/@esbuild%2ffreebsd-arm64 cache-miss
573 http fetch GET 200 https://registry.npmjs.org/@esbuild%2fopenbsd-x64 101ms (cache miss)
574 silly packumentCache full:https://registry.npmjs.org/@esbuild%2fopenbsd-x64 set size:undefined disposed:false
575 silly fetch manifest @esbuild/linux-loong64@0.25.12
576 silly packumentCache full:https://registry.npmjs.org/@esbuild%2flinux-loong64 cache-miss
577 http fetch GET 200 https://registry.npmjs.org/@esbuild%2flinux-x64 268ms (cache miss)
578 silly packumentCache full:https://registry.npmjs.org/@esbuild%2flinux-x64 set size:undefined disposed:false
579 silly fetch manifest @esbuild/linux-riscv64@0.25.12
580 silly packumentCache full:https://registry.npmjs.org/@esbuild%2flinux-riscv64 cache-miss
581 http fetch GET 200 https://registry.npmjs.org/@esbuild%2fnetbsd-arm64 91ms (cache miss)
582 silly packumentCache full:https://registry.npmjs.org/@esbuild%2fnetbsd-arm64 set size:undefined disposed:false
583 silly fetch manifest @esbuild/openbsd-arm64@0.25.12
584 silly packumentCache full:https://registry.npmjs.org/@esbuild%2fopenbsd-arm64 cache-miss
585 http fetch GET 200 https://registry.npmjs.org/@esbuild%2flinux-ppc64 306ms (cache miss)
586 silly packumentCache full:https://registry.npmjs.org/@esbuild%2flinux-ppc64 set size:undefined disposed:false
587 silly fetch manifest @esbuild/linux-mips64el@0.25.12
588 silly packumentCache full:https://registry.npmjs.org/@esbuild%2flinux-mips64el cache-miss
589 http fetch GET 200 https://registry.npmjs.org/@esbuild%2fwin32-arm64 152ms (cache miss)
590 silly packumentCache full:https://registry.npmjs.org/@esbuild%2fwin32-arm64 set size:undefined disposed:false
591 silly fetch manifest @esbuild/openharmony-arm64@0.25.12
592 silly packumentCache full:https://registry.npmjs.org/@esbuild%2fopenharmony-arm64 cache-miss
593 http fetch GET 200 https://registry.npmjs.org/@esbuild%2fsunos-x64 326ms (cache miss)
594 silly packumentCache full:https://registry.npmjs.org/@esbuild%2fsunos-x64 set size:undefined disposed:false
595 silly fetch manifest nanoid@^3.3.18
596 silly packumentCache full:https://registry.npmjs.org/nanoid cache-miss
597 http fetch GET 200 https://registry.npmjs.org/@esbuild%2flinux-ia32 331ms (cache miss)
598 silly packumentCache full:https://registry.npmjs.org/@esbuild%2flinux-ia32 set size:undefined disposed:false
599 silly fetch manifest picocolors@^1.1.1
600 silly packumentCache full:https://registry.npmjs.org/picocolors cache-miss
601 http fetch GET 200 https://registry.npmjs.org/@esbuild%2fnetbsd-x64 341ms (cache miss)
602 silly packumentCache full:https://registry.npmjs.org/@esbuild%2fnetbsd-x64 set size:undefined disposed:false
603 silly fetch manifest source-map-js@^1.2.1
604 silly packumentCache full:https://registry.npmjs.org/source-map-js cache-miss
605 http fetch GET 200 https://registry.npmjs.org/@esbuild%2fandroid-x64 361ms (cache miss)
606 silly packumentCache full:https://registry.npmjs.org/@esbuild%2fandroid-x64 set size:undefined disposed:false
607 silly fetch manifest @types/estree@1.0.9
608 silly packumentCache full:https://registry.npmjs.org/@types%2festree cache-miss
609 http fetch GET 200 https://registry.npmjs.org/@esbuild%2fopenbsd-arm64 97ms (cache miss)
610 silly packumentCache full:https://registry.npmjs.org/@esbuild%2fopenbsd-arm64 set size:undefined disposed:false
611 silly fetch manifest @rollup/rollup-darwin-x64@4.63.1
612 silly packumentCache full:https://registry.npmjs.org/@rollup%2frollup-darwin-x64 cache-miss
613 http fetch GET 200 https://registry.npmjs.org/@esbuild%2flinux-arm 381ms (cache miss)
614 silly packumentCache full:https://registry.npmjs.org/@esbuild%2flinux-arm set size:undefined disposed:false
615 silly fetch manifest @rollup/rollup-freebsd-x64@4.63.1
616 silly packumentCache full:https://registry.npmjs.org/@rollup%2frollup-freebsd-x64 cache-miss
617 http fetch GET 200 https://registry.npmjs.org/@esbuild%2fwin32-ia32 390ms (cache miss)
618 silly packumentCache full:https://registry.npmjs.org/@esbuild%2fwin32-ia32 set size:undefined disposed:false
619 silly fetch manifest @rollup/rollup-openbsd-x64@4.63.1
620 silly packumentCache full:https://registry.npmjs.org/@rollup%2frollup-openbsd-x64 cache-miss
621 http fetch GET 200 https://registry.npmjs.org/picocolors 76ms (cache miss)
622 silly packumentCache full:https://registry.npmjs.org/picocolors set size:undefined disposed:false
623 silly fetch manifest @napi-rs/lzma-linux-x64-gnu@1.5.1
624 silly packumentCache full:https://registry.npmjs.org/@napi-rs%2flzma-linux-x64-gnu cache-miss
625 http fetch GET 200 https://registry.npmjs.org/@esbuild%2fdarwin-arm64 247ms (cache miss)
626 silly packumentCache full:https://registry.npmjs.org/@esbuild%2fdarwin-arm64 set size:undefined disposed:false
627 silly fetch manifest @rollup/rollup-darwin-arm64@4.63.1
628 silly packumentCache full:https://registry.npmjs.org/@rollup%2frollup-darwin-arm64 cache-miss
629 http fetch GET 200 https://registry.npmjs.org/source-map-js 79ms (cache miss)
630 silly packumentCache full:https://registry.npmjs.org/source-map-js set size:undefined disposed:false
631 silly fetch manifest @rollup/rollup-android-arm64@4.63.1
632 silly packumentCache full:https://registry.npmjs.org/@rollup%2frollup-android-arm64 cache-miss
633 http fetch GET 200 https://registry.npmjs.org/nanoid 100ms (cache miss)
634 silly packumentCache full:https://registry.npmjs.org/nanoid set size:undefined disposed:false
635 silly fetch manifest @rollup/rollup-freebsd-arm64@4.63.1
636 silly packumentCache full:https://registry.npmjs.org/@rollup%2frollup-freebsd-arm64 cache-miss
637 http fetch GET 200 https://registry.npmjs.org/@types%2festree 90ms (cache miss)
638 silly packumentCache full:https://registry.npmjs.org/@types%2festree set size:undefined disposed:false
639 silly fetch manifest @rollup/rollup-linux-x64-gnu@4.63.1
640 silly packumentCache full:https://registry.npmjs.org/@rollup%2frollup-linux-x64-gnu cache-miss
641 http fetch GET 200 https://registry.npmjs.org/@esbuild%2ffreebsd-arm64 228ms (cache miss)
642 silly packumentCache full:https://registry.npmjs.org/@esbuild%2ffreebsd-arm64 set size:undefined disposed:false
643 silly fetch manifest @rollup/rollup-win32-x64-gnu@4.63.1
644 silly packumentCache full:https://registry.npmjs.org/@rollup%2frollup-win32-x64-gnu cache-miss
645 http fetch GET 200 https://registry.npmjs.org/@esbuild%2fandroid-arm64 304ms (cache miss)
646 silly packumentCache full:https://registry.npmjs.org/@esbuild%2fandroid-arm64 set size:undefined disposed:false
647 silly fetch manifest @rollup/rollup-linux-x64-musl@4.63.1
648 silly packumentCache full:https://registry.npmjs.org/@rollup%2frollup-linux-x64-musl cache-miss
649 http fetch GET 200 https://registry.npmjs.org/@esbuild%2flinux-riscv64 230ms (cache miss)
650 silly packumentCache full:https://registry.npmjs.org/@esbuild%2flinux-riscv64 set size:undefined disposed:false
651 silly fetch manifest @rollup/rollup-win32-x64-msvc@4.63.1
652 silly packumentCache full:https://registry.npmjs.org/@rollup%2frollup-win32-x64-msvc cache-miss
653 http fetch GET 200 https://registry.npmjs.org/@rollup%2frollup-freebsd-arm64 83ms (cache miss)
654 silly packumentCache full:https://registry.npmjs.org/@rollup%2frollup-freebsd-arm64 set size:undefined disposed:false
655 silly fetch manifest @rollup/rollup-linux-arm64-gnu@4.63.1
656 silly packumentCache full:https://registry.npmjs.org/@rollup%2frollup-linux-arm64-gnu cache-miss
657 http fetch GET 200 https://registry.npmjs.org/@esbuild%2fopenharmony-arm64 239ms (cache miss)
658 silly packumentCache full:https://registry.npmjs.org/@esbuild%2fopenharmony-arm64 set size:undefined disposed:false
659 silly fetch manifest @rollup/rollup-linux-ppc64-gnu@4.63.1
660 silly packumentCache full:https://registry.npmjs.org/@rollup%2frollup-linux-ppc64-gnu cache-miss
661 http fetch GET 200 https://registry.npmjs.org/@esbuild%2flinux-loong64 338ms (cache miss)
662 silly packumentCache full:https://registry.npmjs.org/@esbuild%2flinux-loong64 set size:undefined disposed:false
663 silly fetch manifest @rollup/rollup-linux-s390x-gnu@4.63.1
664 silly packumentCache full:https://registry.npmjs.org/@rollup%2frollup-linux-s390x-gnu cache-miss
665 http fetch GET 200 https://registry.npmjs.org/@rollup%2frollup-linux-arm64-gnu 96ms (cache miss)
666 silly packumentCache full:https://registry.npmjs.org/@rollup%2frollup-linux-arm64-gnu set size:undefined disposed:false
667 silly fetch manifest @rollup/rollup-win32-ia32-msvc@4.63.1
668 silly packumentCache full:https://registry.npmjs.org/@rollup%2frollup-win32-ia32-msvc cache-miss
669 http fetch GET 200 https://registry.npmjs.org/@rollup%2frollup-linux-ppc64-gnu 91ms (cache miss)
670 silly packumentCache full:https://registry.npmjs.org/@rollup%2frollup-linux-ppc64-gnu set size:undefined disposed:false
671 silly fetch manifest @rollup/rollup-android-arm-eabi@4.63.1
672 silly packumentCache full:https://registry.npmjs.org/@rollup%2frollup-android-arm-eabi cache-miss
673 http fetch GET 200 https://registry.npmjs.org/@rollup%2frollup-darwin-arm64 251ms (cache miss)
674 silly packumentCache full:https://registry.npmjs.org/@rollup%2frollup-darwin-arm64 set size:undefined disposed:false
675 silly fetch manifest @rollup/rollup-linux-arm64-musl@4.63.1
676 silly packumentCache full:https://registry.npmjs.org/@rollup%2frollup-linux-arm64-musl cache-miss
677 http fetch GET 200 https://registry.npmjs.org/@rollup%2frollup-android-arm64 263ms (cache miss)
678 silly packumentCache full:https://registry.npmjs.org/@rollup%2frollup-android-arm64 set size:undefined disposed:false
679 silly fetch manifest @rollup/rollup-linux-ppc64-musl@4.63.1
680 silly packumentCache full:https://registry.npmjs.org/@rollup%2frollup-linux-ppc64-musl cache-miss
681 http fetch GET 200 https://registry.npmjs.org/@esbuild%2flinux-arm64 802ms (cache miss)
682 silly packumentCache full:https://registry.npmjs.org/@esbuild%2flinux-arm64 set size:undefined disposed:false
683 silly fetch manifest @rollup/rollup-win32-arm64-msvc@4.63.1
684 silly packumentCache full:https://registry.npmjs.org/@rollup%2frollup-win32-arm64-msvc cache-miss
685 http fetch GET 200 https://registry.npmjs.org/@rollup%2frollup-linux-s390x-gnu 232ms (cache miss)
686 silly packumentCache full:https://registry.npmjs.org/@rollup%2frollup-linux-s390x-gnu set size:undefined disposed:false
687 silly fetch manifest @rollup/rollup-linux-loong64-gnu@4.63.1
688 silly packumentCache full:https://registry.npmjs.org/@rollup%2frollup-linux-loong64-gnu cache-miss
689 http fetch GET 200 https://registry.npmjs.org/@rollup%2frollup-win32-x64-msvc 342ms (cache miss)
690 silly packumentCache full:https://registry.npmjs.org/@rollup%2frollup-win32-x64-msvc set size:undefined disposed:false
691 silly fetch manifest @rollup/rollup-linux-riscv64-gnu@4.63.1
692 silly packumentCache full:https://registry.npmjs.org/@rollup%2frollup-linux-riscv64-gnu cache-miss
693 http fetch GET 200 https://registry.npmjs.org/@rollup%2frollup-darwin-x64 494ms (cache miss)
694 silly packumentCache full:https://registry.npmjs.org/@rollup%2frollup-darwin-x64 set size:undefined disposed:false
695 silly fetch manifest @rollup/rollup-openharmony-arm64@4.63.1
696 silly packumentCache full:https://registry.npmjs.org/@rollup%2frollup-openharmony-arm64 cache-miss
697 http fetch GET 200 https://registry.npmjs.org/@rollup%2frollup-freebsd-x64 495ms (cache miss)
698 silly packumentCache full:https://registry.npmjs.org/@rollup%2frollup-freebsd-x64 set size:undefined disposed:false
699 silly fetch manifest @rollup/rollup-linux-loong64-musl@4.63.1
700 silly packumentCache full:https://registry.npmjs.org/@rollup%2frollup-linux-loong64-musl cache-miss
701 http fetch GET 200 https://registry.npmjs.org/@rollup%2frollup-win32-ia32-msvc 263ms (cache miss)
702 silly packumentCache full:https://registry.npmjs.org/@rollup%2frollup-win32-ia32-msvc set size:undefined disposed:false
703 silly fetch manifest @rollup/rollup-linux-riscv64-musl@4.63.1
704 silly packumentCache full:https://registry.npmjs.org/@rollup%2frollup-linux-riscv64-musl cache-miss
705 http fetch GET 200 https://registry.npmjs.org/@rollup%2frollup-linux-ppc64-musl 280ms (cache miss)
706 silly packumentCache full:https://registry.npmjs.org/@rollup%2frollup-linux-ppc64-musl set size:undefined disposed:false
707 silly fetch manifest @rollup/rollup-linux-arm-gnueabihf@4.63.1
708 silly packumentCache full:https://registry.npmjs.org/@rollup%2frollup-linux-arm-gnueabihf cache-miss
709 http fetch GET 200 https://registry.npmjs.org/@rollup%2frollup-linux-riscv64-musl 91ms (cache miss)
710 silly packumentCache full:https://registry.npmjs.org/@rollup%2frollup-linux-riscv64-musl set size:undefined disposed:false
711 silly fetch manifest @rollup/rollup-linux-arm-musleabihf@4.63.1
712 silly packumentCache full:https://registry.npmjs.org/@rollup%2frollup-linux-arm-musleabihf cache-miss
713 http fetch GET 200 https://registry.npmjs.org/@rollup%2frollup-linux-x64-musl 518ms (cache miss)
714 silly packumentCache full:https://registry.npmjs.org/@rollup%2frollup-linux-x64-musl set size:undefined disposed:false
715 http fetch GET 200 https://registry.npmjs.org/@rollup%2frollup-linux-arm-gnueabihf 98ms (cache miss)
716 silly packumentCache full:https://registry.npmjs.org/@rollup%2frollup-linux-arm-gnueabihf set size:undefined disposed:false
717 http fetch GET 200 https://registry.npmjs.org/@rollup%2frollup-win32-x64-gnu 600ms (cache miss)
718 silly packumentCache full:https://registry.npmjs.org/@rollup%2frollup-win32-x64-gnu set size:undefined disposed:false
719 http fetch GET 200 https://registry.npmjs.org/@rollup%2frollup-win32-arm64-msvc 289ms (cache miss)
720 silly packumentCache full:https://registry.npmjs.org/@rollup%2frollup-win32-arm64-msvc set size:undefined disposed:false
721 http fetch GET 200 https://registry.npmjs.org/@rollup%2frollup-linux-riscv64-gnu 261ms (cache miss)
722 silly packumentCache full:https://registry.npmjs.org/@rollup%2frollup-linux-riscv64-gnu set size:undefined disposed:false
723 http fetch GET 200 https://registry.npmjs.org/@rollup%2frollup-linux-loong64-musl 235ms (cache miss)
724 silly packumentCache full:https://registry.npmjs.org/@rollup%2frollup-linux-loong64-musl set size:undefined disposed:false
725 http fetch GET 200 https://registry.npmjs.org/@rollup%2frollup-openharmony-arm64 245ms (cache miss)
726 silly packumentCache full:https://registry.npmjs.org/@rollup%2frollup-openharmony-arm64 set size:undefined disposed:false
727 http fetch GET 200 https://registry.npmjs.org/@rollup%2frollup-openbsd-x64 727ms (cache miss)
728 silly packumentCache full:https://registry.npmjs.org/@rollup%2frollup-openbsd-x64 set size:undefined disposed:false
729 http fetch GET 200 https://registry.npmjs.org/@rollup%2frollup-linux-loong64-gnu 325ms (cache miss)
730 silly packumentCache full:https://registry.npmjs.org/@rollup%2frollup-linux-loong64-gnu set size:undefined disposed:false
731 http fetch GET 200 https://registry.npmjs.org/@rollup%2frollup-linux-x64-gnu 717ms (cache miss)
732 silly packumentCache full:https://registry.npmjs.org/@rollup%2frollup-linux-x64-gnu set size:undefined disposed:false
733 http fetch GET 200 https://registry.npmjs.org/@rollup%2frollup-android-arm-eabi 530ms (cache miss)
734 silly packumentCache full:https://registry.npmjs.org/@rollup%2frollup-android-arm-eabi set size:undefined disposed:false
735 http fetch GET 200 https://registry.npmjs.org/@esbuild%2flinux-mips64el 892ms (cache miss)
736 silly packumentCache full:https://registry.npmjs.org/@esbuild%2flinux-mips64el set size:undefined disposed:false
737 http fetch GET 200 https://registry.npmjs.org/@rollup%2frollup-linux-arm-musleabihf 235ms (cache miss)
738 silly packumentCache full:https://registry.npmjs.org/@rollup%2frollup-linux-arm-musleabihf set size:undefined disposed:false
739 http fetch GET 200 https://registry.npmjs.org/@napi-rs%2flzma-linux-x64-gnu 943ms (cache miss)
740 silly packumentCache full:https://registry.npmjs.org/@napi-rs%2flzma-linux-x64-gnu set size:undefined disposed:false
741 http fetch GET 200 https://registry.npmjs.org/@rollup%2frollup-linux-arm64-musl 734ms (cache miss)
742 silly packumentCache full:https://registry.npmjs.org/@rollup%2frollup-linux-arm64-musl set size:undefined disposed:false
743 silly placeDep ROOT @esbuild/aix-ppc64@0.25.12 OK for: esbuild@0.25.12 want: 0.25.12
744 silly placeDep ROOT @esbuild/android-arm@0.25.12 OK for: esbuild@0.25.12 want: 0.25.12
745 silly placeDep ROOT @esbuild/android-arm64@0.25.12 OK for: esbuild@0.25.12 want: 0.25.12
746 silly placeDep ROOT @esbuild/android-x64@0.25.12 OK for: esbuild@0.25.12 want: 0.25.12
747 silly placeDep ROOT @esbuild/darwin-arm64@0.25.12 OK for: esbuild@0.25.12 want: 0.25.12
748 silly placeDep ROOT @esbuild/darwin-x64@0.25.12 OK for: esbuild@0.25.12 want: 0.25.12
749 silly placeDep ROOT @esbuild/freebsd-arm64@0.25.12 OK for: esbuild@0.25.12 want: 0.25.12
750 silly placeDep ROOT @esbuild/freebsd-x64@0.25.12 OK for: esbuild@0.25.12 want: 0.25.12
751 silly placeDep ROOT @esbuild/linux-arm@0.25.12 OK for: esbuild@0.25.12 want: 0.25.12
752 silly placeDep ROOT @esbuild/linux-arm64@0.25.12 OK for: esbuild@0.25.12 want: 0.25.12
753 silly placeDep ROOT @esbuild/linux-ia32@0.25.12 OK for: esbuild@0.25.12 want: 0.25.12
754 silly placeDep ROOT @esbuild/linux-loong64@0.25.12 OK for: esbuild@0.25.12 want: 0.25.12
755 silly placeDep ROOT @esbuild/linux-mips64el@0.25.12 OK for: esbuild@0.25.12 want: 0.25.12
756 silly placeDep ROOT @esbuild/linux-ppc64@0.25.12 OK for: esbuild@0.25.12 want: 0.25.12
757 silly placeDep ROOT @esbuild/linux-riscv64@0.25.12 OK for: esbuild@0.25.12 want: 0.25.12
758 silly placeDep ROOT @esbuild/linux-s390x@0.25.12 OK for: esbuild@0.25.12 want: 0.25.12
759 silly placeDep ROOT @esbuild/linux-x64@0.25.12 OK for: esbuild@0.25.12 want: 0.25.12
760 silly placeDep ROOT @esbuild/netbsd-arm64@0.25.12 OK for: esbuild@0.25.12 want: 0.25.12
761 silly placeDep ROOT @esbuild/netbsd-x64@0.25.12 OK for: esbuild@0.25.12 want: 0.25.12
762 silly placeDep ROOT @esbuild/openbsd-arm64@0.25.12 OK for: esbuild@0.25.12 want: 0.25.12
763 silly placeDep ROOT @esbuild/openbsd-x64@0.25.12 OK for: esbuild@0.25.12 want: 0.25.12
764 silly placeDep ROOT @esbuild/openharmony-arm64@0.25.12 OK for: esbuild@0.25.12 want: 0.25.12
765 silly placeDep ROOT @esbuild/sunos-x64@0.25.12 OK for: esbuild@0.25.12 want: 0.25.12
766 silly placeDep ROOT @esbuild/win32-arm64@0.25.12 OK for: esbuild@0.25.12 want: 0.25.12
767 silly placeDep ROOT @esbuild/win32-ia32@0.25.12 OK for: esbuild@0.25.12 want: 0.25.12
768 silly placeDep ROOT @esbuild/win32-x64@0.25.12 OK for: esbuild@0.25.12 want: 0.25.12
769 silly placeDep ROOT nanoid@3.3.18 OK for: postcss@8.5.28 want: ^3.3.18
770 silly placeDep ROOT picocolors@1.1.1 OK for: postcss@8.5.28 want: ^1.1.1
771 silly placeDep ROOT source-map-js@1.2.1 OK for: postcss@8.5.28 want: ^1.2.1
772 silly placeDep ROOT @napi-rs/lzma-linux-x64-gnu@1.5.1 OK for: rollup@4.63.1 want: 1.5.1
773 silly placeDep ROOT @rollup/rollup-android-arm-eabi@4.63.1 OK for: rollup@4.63.1 want: 4.63.1
774 silly placeDep ROOT @rollup/rollup-android-arm64@4.63.1 OK for: rollup@4.63.1 want: 4.63.1
775 silly placeDep ROOT @rollup/rollup-darwin-arm64@4.63.1 OK for: rollup@4.63.1 want: 4.63.1
776 silly placeDep ROOT @rollup/rollup-darwin-x64@4.63.1 OK for: rollup@4.63.1 want: 4.63.1
777 silly placeDep ROOT @rollup/rollup-freebsd-arm64@4.63.1 OK for: rollup@4.63.1 want: 4.63.1
778 silly placeDep ROOT @rollup/rollup-freebsd-x64@4.63.1 OK for: rollup@4.63.1 want: 4.63.1
779 silly placeDep ROOT @rollup/rollup-linux-arm-gnueabihf@4.63.1 OK for: rollup@4.63.1 want: 4.63.1
780 silly placeDep ROOT @rollup/rollup-linux-arm-musleabihf@4.63.1 OK for: rollup@4.63.1 want: 4.63.1
781 silly placeDep ROOT @rollup/rollup-linux-arm64-gnu@4.63.1 OK for: rollup@4.63.1 want: 4.63.1
782 silly placeDep ROOT @rollup/rollup-linux-arm64-musl@4.63.1 OK for: rollup@4.63.1 want: 4.63.1
783 silly placeDep ROOT @rollup/rollup-linux-loong64-gnu@4.63.1 OK for: rollup@4.63.1 want: 4.63.1
784 silly placeDep ROOT @rollup/rollup-linux-loong64-musl@4.63.1 OK for: rollup@4.63.1 want: 4.63.1
785 silly placeDep ROOT @rollup/rollup-linux-ppc64-gnu@4.63.1 OK for: rollup@4.63.1 want: 4.63.1
786 silly placeDep ROOT @rollup/rollup-linux-ppc64-musl@4.63.1 OK for: rollup@4.63.1 want: 4.63.1
787 silly placeDep ROOT @rollup/rollup-linux-riscv64-gnu@4.63.1 OK for: rollup@4.63.1 want: 4.63.1
788 silly placeDep ROOT @rollup/rollup-linux-riscv64-musl@4.63.1 OK for: rollup@4.63.1 want: 4.63.1
789 silly placeDep ROOT @rollup/rollup-linux-s390x-gnu@4.63.1 OK for: rollup@4.63.1 want: 4.63.1
790 silly placeDep ROOT @rollup/rollup-linux-x64-gnu@4.63.1 OK for: rollup@4.63.1 want: 4.63.1
791 silly placeDep ROOT @rollup/rollup-linux-x64-musl@4.63.1 OK for: rollup@4.63.1 want: 4.63.1
792 silly placeDep ROOT @rollup/rollup-openbsd-x64@4.63.1 OK for: rollup@4.63.1 want: 4.63.1
793 silly placeDep ROOT @rollup/rollup-openharmony-arm64@4.63.1 OK for: rollup@4.63.1 want: 4.63.1
794 silly placeDep ROOT @rollup/rollup-win32-arm64-msvc@4.63.1 OK for: rollup@4.63.1 want: 4.63.1
795 silly placeDep ROOT @rollup/rollup-win32-ia32-msvc@4.63.1 OK for: rollup@4.63.1 want: 4.63.1
796 silly placeDep ROOT @rollup/rollup-win32-x64-gnu@4.63.1 OK for: rollup@4.63.1 want: 4.63.1
797 silly placeDep ROOT @rollup/rollup-win32-x64-msvc@4.63.1 OK for: rollup@4.63.1 want: 4.63.1
798 silly placeDep ROOT @types/estree@1.0.9 OK for: rollup@4.63.1 want: 1.0.9
799 silly reify moves {}
800 silly audit bulk request {
800 silly audit   axios: [ '1.20.0' ],
800 silly audit   react: [ '18.3.1' ],
800 silly audit   'react-dom': [ '18.3.1' ],
800 silly audit   'react-router-dom': [ '7.18.3' ],
800 silly audit   recharts: [ '2.15.4' ],
800 silly audit   vite: [ '6.4.3' ],
800 silly audit   'follow-redirects': [ '1.16.0' ],
800 silly audit   'form-data': [ '4.0.6' ],
800 silly audit   'https-proxy-agent': [ '5.0.1' ],
800 silly audit   'proxy-from-env': [ '2.1.0' ],
800 silly audit   asynckit: [ '0.4.0' ],
800 silly audit   'combined-stream': [ '1.0.8' ],
800 silly audit   'es-set-tostringtag': [ '2.1.0' ],
800 silly audit   hasown: [ '2.0.4' ],
800 silly audit   'mime-types': [ '2.1.35' ],
800 silly audit   'delayed-stream': [ '1.0.0' ],
800 silly audit   'es-errors': [ '1.3.0' ],
800 silly audit   'get-intrinsic': [ '1.3.0' ],
800 silly audit   'has-tostringtag': [ '1.0.2' ],
800 silly audit   'call-bind-apply-helpers': [ '1.0.2' ],
800 silly audit   'es-define-property': [ '1.0.1' ],
800 silly audit   'es-object-atoms': [ '1.1.2' ],
800 silly audit   'function-bind': [ '1.1.2' ],
800 silly audit   'get-proto': [ '1.0.1' ],
800 silly audit   gopd: [ '1.2.0' ],
800 silly audit   'has-symbols': [ '1.1.0' ],
800 silly audit   'math-intrinsics': [ '1.1.0' ],
800 silly audit   'dunder-proto': [ '1.0.1' ],
800 silly audit   'agent-base': [ '6.0.2' ],
800 silly audit   debug: [ '4.4.3' ],
800 silly audit   ms: [ '2.1.3' ],
800 silly audit   'mime-db': [ '1.52.0' ],
800 silly audit   'loose-envify': [ '1.4.0' ],
800 silly audit   'js-tokens': [ '4.0.0' ],
800 silly audit   scheduler: [ '0.23.2' ],
800 silly audit   'react-router': [ '7.18.3' ],
800 silly audit   cookie: [ '1.1.1' ],
800 silly audit   'set-cookie-parser': [ '2.7.2' ],
800 silly audit   clsx: [ '2.1.1' ],
800 silly audit   eventemitter3: [ '4.0.7' ],
800 silly audit   lodash: [ '4.18.1' ],
800 silly audit   'react-is': [ '18.3.1', '16.13.1' ],
800 silly audit   'react-smooth': [ '4.0.4' ],
800 silly audit   'recharts-scale': [ '0.4.5' ],
800 silly audit   'tiny-invariant': [ '1.3.3' ],
800 silly audit   'victory-vendor': [ '36.9.2' ],
800 silly audit   'fast-equals': [ '5.4.2' ],
800 silly audit   'prop-types': [ '15.8.1' ],
800 silly audit   'react-transition-group': [ '4.4.5' ],
800 silly audit   'object-assign': [ '4.1.1' ],
800 silly audit   '@babel/runtime': [ '7.29.7' ],
800 silly audit   'dom-helpers': [ '5.2.1' ],
800 silly audit   csstype: [ '3.2.3' ],
800 silly audit   'decimal.js-light': [ '2.5.1' ],
800 silly audit   '@types/d3-array': [ '3.2.2' ],
800 silly audit   '@types/d3-ease': [ '3.0.2' ],
800 silly audit   '@types/d3-interpolate': [ '3.0.4' ],
800 silly audit   '@types/d3-scale': [ '4.0.9' ],
800 silly audit   '@types/d3-shape': [ '3.2.0' ],
800 silly audit   '@types/d3-time': [ '3.0.4' ],
800 silly audit   '@types/d3-timer': [ '3.0.2' ],
800 silly audit   'd3-array': [ '3.2.4' ],
800 silly audit   'd3-ease': [ '3.0.1' ],
800 silly audit   'd3-interpolate': [ '3.0.1' ],
800 silly audit   'd3-scale': [ '4.0.2' ],
800 silly audit   'd3-shape': [ '3.2.0' ],
800 silly audit   'd3-time': [ '3.1.0' ],
800 silly audit   'd3-timer': [ '3.0.1' ],
800 silly audit   '@types/d3-color': [ '3.1.3' ],
800 silly audit   '@types/d3-path': [ '3.1.1' ],
800 silly audit   internmap: [ '2.0.3' ],
800 silly audit   'd3-color': [ '3.1.0' ],
800 silly audit   'd3-format': [ '3.1.2' ],
800 silly audit   'd3-time-format': [ '4.1.0' ],
800 silly audit   'd3-path': [ '3.1.0' ],
800 silly audit   esbuild: [ '0.25.12' ],
800 silly audit   fdir: [ '6.5.0' ],
800 silly audit   fsevents: [ '2.3.3' ],
800 silly audit   picomatch: [ '4.0.7' ],
800 silly audit   postcss: [ '8.5.28' ],
800 silly audit   rollup: [ '4.63.1' ],
800 silly audit   tinyglobby: [ '0.2.17' ],
800 silly audit   '@esbuild/aix-ppc64': [ '0.25.12' ],
800 silly audit   '@esbuild/android-arm': [ '0.25.12' ],
800 silly audit   '@esbuild/android-arm64': [ '0.25.12' ],
800 silly audit   '@esbuild/android-x64': [ '0.25.12' ],
800 silly audit   '@esbuild/darwin-arm64': [ '0.25.12' ],
800 silly audit   '@esbuild/darwin-x64': [ '0.25.12' ],
800 silly audit   '@esbuild/freebsd-arm64': [ '0.25.12' ],
800 silly audit   '@esbuild/freebsd-x64': [ '0.25.12' ],
800 silly audit   '@esbuild/linux-arm': [ '0.25.12' ],
800 silly audit   '@esbuild/linux-arm64': [ '0.25.12' ],
800 silly audit   '@esbuild/linux-ia32': [ '0.25.12' ],
800 silly audit   '@esbuild/linux-loong64': [ '0.25.12' ],
800 silly audit   '@esbuild/linux-mips64el': [ '0.25.12' ],
800 silly audit   '@esbuild/linux-ppc64': [ '0.25.12' ],
800 silly audit   '@esbuild/linux-riscv64': [ '0.25.12' ],
800 silly audit   '@esbuild/linux-s390x': [ '0.25.12' ],
800 silly audit   '@esbuild/linux-x64': [ '0.25.12' ],
800 silly audit   '@esbuild/netbsd-arm64': [ '0.25.12' ],
800 silly audit   '@esbuild/netbsd-x64': [ '0.25.12' ],
800 silly audit   '@esbuild/openbsd-arm64': [ '0.25.12' ],
800 silly audit   '@esbuild/openbsd-x64': [ '0.25.12' ],
800 silly audit   '@esbuild/openharmony-arm64': [ '0.25.12' ],
800 silly audit   '@esbuild/sunos-x64': [ '0.25.12' ],
800 silly audit   '@esbuild/win32-arm64': [ '0.25.12' ],
800 silly audit   '@esbuild/win32-ia32': [ '0.25.12' ],
800 silly audit   '@esbuild/win32-x64': [ '0.25.12' ],
800 silly audit   nanoid: [ '3.3.18' ],
800 silly audit   picocolors: [ '1.1.1' ],
800 silly audit   'source-map-js': [ '1.2.1' ],
800 silly audit   '@napi-rs/lzma-linux-x64-gnu': [ '1.5.1' ],
800 silly audit   '@rollup/rollup-android-arm-eabi': [ '4.63.1' ],
800 silly audit   '@rollup/rollup-android-arm64': [ '4.63.1' ],
800 silly audit   '@rollup/rollup-darwin-arm64': [ '4.63.1' ],
800 silly audit   '@rollup/rollup-darwin-x64': [ '4.63.1' ],
800 silly audit   '@rollup/rollup-freebsd-arm64': [ '4.63.1' ],
800 silly audit   '@rollup/rollup-freebsd-x64': [ '4.63.1' ],
800 silly audit   '@rollup/rollup-linux-arm-gnueabihf': [ '4.63.1' ],
800 silly audit   '@rollup/rollup-linux-arm-musleabihf': [ '4.63.1' ],
800 silly audit   '@rollup/rollup-linux-arm64-gnu': [ '4.63.1' ],
800 silly audit   '@rollup/rollup-linux-arm64-musl': [ '4.63.1' ],
800 silly audit   '@rollup/rollup-linux-loong64-gnu': [ '4.63.1' ],
800 silly audit   '@rollup/rollup-linux-loong64-musl': [ '4.63.1' ],
800 silly audit   '@rollup/rollup-linux-ppc64-gnu': [ '4.63.1' ],
800 silly audit   '@rollup/rollup-linux-ppc64-musl': [ '4.63.1' ],
800 silly audit   '@rollup/rollup-linux-riscv64-gnu': [ '4.63.1' ],
800 silly audit   '@rollup/rollup-linux-riscv64-musl': [ '4.63.1' ],
800 silly audit   '@rollup/rollup-linux-s390x-gnu': [ '4.63.1' ],
800 silly audit   '@rollup/rollup-linux-x64-gnu': [ '4.63.1' ],
800 silly audit   '@rollup/rollup-linux-x64-musl': [ '4.63.1' ],
800 silly audit   '@rollup/rollup-openbsd-x64': [ '4.63.1' ],
800 silly audit   '@rollup/rollup-openharmony-arm64': [ '4.63.1' ],
800 silly audit   '@rollup/rollup-win32-arm64-msvc': [ '4.63.1' ],
800 silly audit   '@rollup/rollup-win32-ia32-msvc': [ '4.63.1' ],
800 silly audit   '@rollup/rollup-win32-x64-gnu': [ '4.63.1' ],
800 silly audit   '@rollup/rollup-win32-x64-msvc': [ '4.63.1' ],
800 silly audit   '@types/estree': [ '1.0.9' ]
800 silly audit }
801 verbose reify failed optional dependency C:\Users\ASUS\Documents\Codex\2026-09-09\do\frontend\node_modules\@rollup\rollup-win32-ia32-msvc
802 silly reify mark deleted [
802 silly reify   'C:\\Users\\ASUS\\Documents\\Codex\\2026-09-09\\do\\frontend\\node_modules\\@rollup\\rollup-win32-ia32-msvc'
802 silly reify ]
803 verbose reify failed optional dependency C:\Users\ASUS\Documents\Codex\2026-09-09\do\frontend\node_modules\@rollup\rollup-win32-arm64-msvc
804 silly reify mark deleted [
804 silly reify   'C:\\Users\\ASUS\\Documents\\Codex\\2026-09-09\\do\\frontend\\node_modules\\@rollup\\rollup-win32-arm64-msvc'
804 silly reify ]
805 verbose reify failed optional dependency C:\Users\ASUS\Documents\Codex\2026-09-09\do\frontend\node_modules\@rollup\rollup-openharmony-arm64
806 silly reify mark deleted [
806 silly reify   'C:\\Users\\ASUS\\Documents\\Codex\\2026-09-09\\do\\frontend\\node_modules\\@rollup\\rollup-openharmony-arm64'
806 silly reify ]
807 verbose reify failed optional dependency C:\Users\ASUS\Documents\Codex\2026-09-09\do\frontend\node_modules\@rollup\rollup-openbsd-x64
808 silly reify mark deleted [
808 silly reify   'C:\\Users\\ASUS\\Documents\\Codex\\2026-09-09\\do\\frontend\\node_modules\\@rollup\\rollup-openbsd-x64'
808 silly reify ]
809 verbose reify failed optional dependency C:\Users\ASUS\Documents\Codex\2026-09-09\do\frontend\node_modules\@rollup\rollup-linux-x64-musl
810 silly reify mark deleted [
810 silly reify   'C:\\Users\\ASUS\\Documents\\Codex\\2026-09-09\\do\\frontend\\node_modules\\@rollup\\rollup-linux-x64-musl'
810 silly reify ]
811 verbose reify failed optional dependency C:\Users\ASUS\Documents\Codex\2026-09-09\do\frontend\node_modules\@rollup\rollup-linux-x64-gnu
812 silly reify mark deleted [
812 silly reify   'C:\\Users\\ASUS\\Documents\\Codex\\2026-09-09\\do\\frontend\\node_modules\\@rollup\\rollup-linux-x64-gnu'
812 silly reify ]
813 verbose reify failed optional dependency C:\Users\ASUS\Documents\Codex\2026-09-09\do\frontend\node_modules\@rollup\rollup-linux-s390x-gnu
814 silly reify mark deleted [
814 silly reify   'C:\\Users\\ASUS\\Documents\\Codex\\2026-09-09\\do\\frontend\\node_modules\\@rollup\\rollup-linux-s390x-gnu'
814 silly reify ]
815 verbose reify failed optional dependency C:\Users\ASUS\Documents\Codex\2026-09-09\do\frontend\node_modules\@rollup\rollup-linux-riscv64-musl
816 silly reify mark deleted [
816 silly reify   'C:\\Users\\ASUS\\Documents\\Codex\\2026-09-09\\do\\frontend\\node_modules\\@rollup\\rollup-linux-riscv64-musl'
816 silly reify ]
817 verbose reify failed optional dependency C:\Users\ASUS\Documents\Codex\2026-09-09\do\frontend\node_modules\@rollup\rollup-linux-riscv64-gnu
818 silly reify mark deleted [
818 silly reify   'C:\\Users\\ASUS\\Documents\\Codex\\2026-09-09\\do\\frontend\\node_modules\\@rollup\\rollup-linux-riscv64-gnu'
818 silly reify ]
819 verbose reify failed optional dependency C:\Users\ASUS\Documents\Codex\2026-09-09\do\frontend\node_modules\@rollup\rollup-linux-ppc64-musl
820 silly reify mark deleted [
820 silly reify   'C:\\Users\\ASUS\\Documents\\Codex\\2026-09-09\\do\\frontend\\node_modules\\@rollup\\rollup-linux-ppc64-musl'
820 silly reify ]
821 verbose reify failed optional dependency C:\Users\ASUS\Documents\Codex\2026-09-09\do\frontend\node_modules\@rollup\rollup-linux-ppc64-gnu
822 silly reify mark deleted [
822 silly reify   'C:\\Users\\ASUS\\Documents\\Codex\\2026-09-09\\do\\frontend\\node_modules\\@rollup\\rollup-linux-ppc64-gnu'
822 silly reify ]
823 verbose reify failed optional dependency C:\Users\ASUS\Documents\Codex\2026-09-09\do\frontend\node_modules\@rollup\rollup-linux-loong64-musl
824 silly reify mark deleted [
824 silly reify   'C:\\Users\\ASUS\\Documents\\Codex\\2026-09-09\\do\\frontend\\node_modules\\@rollup\\rollup-linux-loong64-musl'
824 silly reify ]
825 verbose reify failed optional dependency C:\Users\ASUS\Documents\Codex\2026-09-09\do\frontend\node_modules\@rollup\rollup-linux-loong64-gnu
826 silly reify mark deleted [
826 silly reify   'C:\\Users\\ASUS\\Documents\\Codex\\2026-09-09\\do\\frontend\\node_modules\\@rollup\\rollup-linux-loong64-gnu'
826 silly reify ]
827 verbose reify failed optional dependency C:\Users\ASUS\Documents\Codex\2026-09-09\do\frontend\node_modules\@rollup\rollup-linux-arm64-musl
828 silly reify mark deleted [
828 silly reify   'C:\\Users\\ASUS\\Documents\\Codex\\2026-09-09\\do\\frontend\\node_modules\\@rollup\\rollup-linux-arm64-musl'
828 silly reify ]
829 verbose reify failed optional dependency C:\Users\ASUS\Documents\Codex\2026-09-09\do\frontend\node_modules\@rollup\rollup-linux-arm64-gnu
830 silly reify mark deleted [
830 silly reify   'C:\\Users\\ASUS\\Documents\\Codex\\2026-09-09\\do\\frontend\\node_modules\\@rollup\\rollup-linux-arm64-gnu'
830 silly reify ]
831 verbose reify failed optional dependency C:\Users\ASUS\Documents\Codex\2026-09-09\do\frontend\node_modules\@rollup\rollup-linux-arm-musleabihf
832 silly reify mark deleted [
832 silly reify   'C:\\Users\\ASUS\\Documents\\Codex\\2026-09-09\\do\\frontend\\node_modules\\@rollup\\rollup-linux-arm-musleabihf'
832 silly reify ]
833 verbose reify failed optional dependency C:\Users\ASUS\Documents\Codex\2026-09-09\do\frontend\node_modules\@rollup\rollup-linux-arm-gnueabihf
834 silly reify mark deleted [
834 silly reify   'C:\\Users\\ASUS\\Documents\\Codex\\2026-09-09\\do\\frontend\\node_modules\\@rollup\\rollup-linux-arm-gnueabihf'
834 silly reify ]
835 verbose reify failed optional dependency C:\Users\ASUS\Documents\Codex\2026-09-09\do\frontend\node_modules\@rollup\rollup-freebsd-x64
836 silly reify mark deleted [
836 silly reify   'C:\\Users\\ASUS\\Documents\\Codex\\2026-09-09\\do\\frontend\\node_modules\\@rollup\\rollup-freebsd-x64'
836 silly reify ]
837 verbose reify failed optional dependency C:\Users\ASUS\Documents\Codex\2026-09-09\do\frontend\node_modules\@rollup\rollup-freebsd-arm64
838 silly reify mark deleted [
838 silly reify   'C:\\Users\\ASUS\\Documents\\Codex\\2026-09-09\\do\\frontend\\node_modules\\@rollup\\rollup-freebsd-arm64'
838 silly reify ]
839 verbose reify failed optional dependency C:\Users\ASUS\Documents\Codex\2026-09-09\do\frontend\node_modules\@rollup\rollup-darwin-x64
840 silly reify mark deleted [
840 silly reify   'C:\\Users\\ASUS\\Documents\\Codex\\2026-09-09\\do\\frontend\\node_modules\\@rollup\\rollup-darwin-x64'
840 silly reify ]
841 verbose reify failed optional dependency C:\Users\ASUS\Documents\Codex\2026-09-09\do\frontend\node_modules\@rollup\rollup-darwin-arm64
842 silly reify mark deleted [
842 silly reify   'C:\\Users\\ASUS\\Documents\\Codex\\2026-09-09\\do\\frontend\\node_modules\\@rollup\\rollup-darwin-arm64'
842 silly reify ]
843 verbose reify failed optional dependency C:\Users\ASUS\Documents\Codex\2026-09-09\do\frontend\node_modules\@rollup\rollup-android-arm64
844 silly reify mark deleted [
844 silly reify   'C:\\Users\\ASUS\\Documents\\Codex\\2026-09-09\\do\\frontend\\node_modules\\@rollup\\rollup-android-arm64'
844 silly reify ]
845 verbose reify failed optional dependency C:\Users\ASUS\Documents\Codex\2026-09-09\do\frontend\node_modules\@rollup\rollup-android-arm-eabi
846 silly reify mark deleted [
846 silly reify   'C:\\Users\\ASUS\\Documents\\Codex\\2026-09-09\\do\\frontend\\node_modules\\@rollup\\rollup-android-arm-eabi'
846 silly reify ]
847 verbose reify failed optional dependency C:\Users\ASUS\Documents\Codex\2026-09-09\do\frontend\node_modules\@napi-rs\lzma-linux-x64-gnu
848 silly reify mark deleted [
848 silly reify   'C:\\Users\\ASUS\\Documents\\Codex\\2026-09-09\\do\\frontend\\node_modules\\@napi-rs\\lzma-linux-x64-gnu'
848 silly reify ]
849 verbose reify failed optional dependency C:\Users\ASUS\Documents\Codex\2026-09-09\do\frontend\node_modules\@esbuild\win32-ia32
850 silly reify mark deleted [
850 silly reify   'C:\\Users\\ASUS\\Documents\\Codex\\2026-09-09\\do\\frontend\\node_modules\\@esbuild\\win32-ia32'
850 silly reify ]
851 verbose reify failed optional dependency C:\Users\ASUS\Documents\Codex\2026-09-09\do\frontend\node_modules\@esbuild\win32-arm64
852 silly reify mark deleted [
852 silly reify   'C:\\Users\\ASUS\\Documents\\Codex\\2026-09-09\\do\\frontend\\node_modules\\@esbuild\\win32-arm64'
852 silly reify ]
853 verbose reify failed optional dependency C:\Users\ASUS\Documents\Codex\2026-09-09\do\frontend\node_modules\@esbuild\sunos-x64
854 silly reify mark deleted [
854 silly reify   'C:\\Users\\ASUS\\Documents\\Codex\\2026-09-09\\do\\frontend\\node_modules\\@esbuild\\sunos-x64'
854 silly reify ]
855 verbose reify failed optional dependency C:\Users\ASUS\Documents\Codex\2026-09-09\do\frontend\node_modules\@esbuild\openharmony-arm64
856 silly reify mark deleted [
856 silly reify   'C:\\Users\\ASUS\\Documents\\Codex\\2026-09-09\\do\\frontend\\node_modules\\@esbuild\\openharmony-arm64'
856 silly reify ]
857 verbose reify failed optional dependency C:\Users\ASUS\Documents\Codex\2026-09-09\do\frontend\node_modules\@esbuild\openbsd-x64
858 silly reify mark deleted [
858 silly reify   'C:\\Users\\ASUS\\Documents\\Codex\\2026-09-09\\do\\frontend\\node_modules\\@esbuild\\openbsd-x64'
858 silly reify ]
859 verbose reify failed optional dependency C:\Users\ASUS\Documents\Codex\2026-09-09\do\frontend\node_modules\@esbuild\openbsd-arm64
860 silly reify mark deleted [
860 silly reify   'C:\\Users\\ASUS\\Documents\\Codex\\2026-09-09\\do\\frontend\\node_modules\\@esbuild\\openbsd-arm64'
860 silly reify ]
861 verbose reify failed optional dependency C:\Users\ASUS\Documents\Codex\2026-09-09\do\frontend\node_modules\@esbuild\netbsd-x64
862 silly reify mark deleted [
862 silly reify   'C:\\Users\\ASUS\\Documents\\Codex\\2026-09-09\\do\\frontend\\node_modules\\@esbuild\\netbsd-x64'
862 silly reify ]
863 verbose reify failed optional dependency C:\Users\ASUS\Documents\Codex\2026-09-09\do\frontend\node_modules\@esbuild\netbsd-arm64
864 silly reify mark deleted [
864 silly reify   'C:\\Users\\ASUS\\Documents\\Codex\\2026-09-09\\do\\frontend\\node_modules\\@esbuild\\netbsd-arm64'
864 silly reify ]
865 verbose reify failed optional dependency C:\Users\ASUS\Documents\Codex\2026-09-09\do\frontend\node_modules\@esbuild\linux-x64
866 silly reify mark deleted [
866 silly reify   'C:\\Users\\ASUS\\Documents\\Codex\\2026-09-09\\do\\frontend\\node_modules\\@esbuild\\linux-x64'
866 silly reify ]
867 verbose reify failed optional dependency C:\Users\ASUS\Documents\Codex\2026-09-09\do\frontend\node_modules\@esbuild\linux-s390x
868 silly reify mark deleted [
868 silly reify   'C:\\Users\\ASUS\\Documents\\Codex\\2026-09-09\\do\\frontend\\node_modules\\@esbuild\\linux-s390x'
868 silly reify ]
869 verbose reify failed optional dependency C:\Users\ASUS\Documents\Codex\2026-09-09\do\frontend\node_modules\@esbuild\linux-riscv64
870 silly reify mark deleted [
870 silly reify   'C:\\Users\\ASUS\\Documents\\Codex\\2026-09-09\\do\\frontend\\node_modules\\@esbuild\\linux-riscv64'
870 silly reify ]
871 verbose reify failed optional dependency C:\Users\ASUS\Documents\Codex\2026-09-09\do\frontend\node_modules\@esbuild\linux-ppc64
872 silly reify mark deleted [
872 silly reify   'C:\\Users\\ASUS\\Documents\\Codex\\2026-09-09\\do\\frontend\\node_modules\\@esbuild\\linux-ppc64'
872 silly reify ]
873 verbose reify failed optional dependency C:\Users\ASUS\Documents\Codex\2026-09-09\do\frontend\node_modules\@esbuild\linux-mips64el
874 silly reify mark deleted [
874 silly reify   'C:\\Users\\ASUS\\Documents\\Codex\\2026-09-09\\do\\frontend\\node_modules\\@esbuild\\linux-mips64el'
874 silly reify ]
875 verbose reify failed optional dependency C:\Users\ASUS\Documents\Codex\2026-09-09\do\frontend\node_modules\@esbuild\linux-loong64
876 silly reify mark deleted [
876 silly reify   'C:\\Users\\ASUS\\Documents\\Codex\\2026-09-09\\do\\frontend\\node_modules\\@esbuild\\linux-loong64'
876 silly reify ]
877 verbose reify failed optional dependency C:\Users\ASUS\Documents\Codex\2026-09-09\do\frontend\node_modules\@esbuild\linux-ia32
878 silly reify mark deleted [
878 silly reify   'C:\\Users\\ASUS\\Documents\\Codex\\2026-09-09\\do\\frontend\\node_modules\\@esbuild\\linux-ia32'
878 silly reify ]
879 verbose reify failed optional dependency C:\Users\ASUS\Documents\Codex\2026-09-09\do\frontend\node_modules\@esbuild\linux-arm64
880 silly reify mark deleted [
880 silly reify   'C:\\Users\\ASUS\\Documents\\Codex\\2026-09-09\\do\\frontend\\node_modules\\@esbuild\\linux-arm64'
880 silly reify ]
881 verbose reify failed optional dependency C:\Users\ASUS\Documents\Codex\2026-09-09\do\frontend\node_modules\@esbuild\linux-arm
882 silly reify mark deleted [
882 silly reify   'C:\\Users\\ASUS\\Documents\\Codex\\2026-09-09\\do\\frontend\\node_modules\\@esbuild\\linux-arm'
882 silly reify ]
883 verbose reify failed optional dependency C:\Users\ASUS\Documents\Codex\2026-09-09\do\frontend\node_modules\@esbuild\freebsd-x64
884 silly reify mark deleted [
884 silly reify   'C:\\Users\\ASUS\\Documents\\Codex\\2026-09-09\\do\\frontend\\node_modules\\@esbuild\\freebsd-x64'
884 silly reify ]
885 verbose reify failed optional dependency C:\Users\ASUS\Documents\Codex\2026-09-09\do\frontend\node_modules\@esbuild\freebsd-arm64
886 silly reify mark deleted [
886 silly reify   'C:\\Users\\ASUS\\Documents\\Codex\\2026-09-09\\do\\frontend\\node_modules\\@esbuild\\freebsd-arm64'
886 silly reify ]
887 verbose reify failed optional dependency C:\Users\ASUS\Documents\Codex\2026-09-09\do\frontend\node_modules\@esbuild\darwin-x64
888 silly reify mark deleted [
888 silly reify   'C:\\Users\\ASUS\\Documents\\Codex\\2026-09-09\\do\\frontend\\node_modules\\@esbuild\\darwin-x64'
888 silly reify ]
889 verbose reify failed optional dependency C:\Users\ASUS\Documents\Codex\2026-09-09\do\frontend\node_modules\@esbuild\darwin-arm64
890 silly reify mark deleted [
890 silly reify   'C:\\Users\\ASUS\\Documents\\Codex\\2026-09-09\\do\\frontend\\node_modules\\@esbuild\\darwin-arm64'
890 silly reify ]
891 verbose reify failed optional dependency C:\Users\ASUS\Documents\Codex\2026-09-09\do\frontend\node_modules\@esbuild\android-x64
892 silly reify mark deleted [
892 silly reify   'C:\\Users\\ASUS\\Documents\\Codex\\2026-09-09\\do\\frontend\\node_modules\\@esbuild\\android-x64'
892 silly reify ]
893 verbose reify failed optional dependency C:\Users\ASUS\Documents\Codex\2026-09-09\do\frontend\node_modules\@esbuild\android-arm64
894 silly reify mark deleted [
894 silly reify   'C:\\Users\\ASUS\\Documents\\Codex\\2026-09-09\\do\\frontend\\node_modules\\@esbuild\\android-arm64'
894 silly reify ]
895 verbose reify failed optional dependency C:\Users\ASUS\Documents\Codex\2026-09-09\do\frontend\node_modules\@esbuild\android-arm
896 silly reify mark deleted [
896 silly reify   'C:\\Users\\ASUS\\Documents\\Codex\\2026-09-09\\do\\frontend\\node_modules\\@esbuild\\android-arm'
896 silly reify ]
897 verbose reify failed optional dependency C:\Users\ASUS\Documents\Codex\2026-09-09\do\frontend\node_modules\@esbuild\aix-ppc64
898 silly reify mark deleted [
898 silly reify   'C:\\Users\\ASUS\\Documents\\Codex\\2026-09-09\\do\\frontend\\node_modules\\@esbuild\\aix-ppc64'
898 silly reify ]
899 verbose reify failed optional dependency C:\Users\ASUS\Documents\Codex\2026-09-09\do\frontend\node_modules\fsevents
900 silly reify mark deleted [
900 silly reify   'C:\\Users\\ASUS\\Documents\\Codex\\2026-09-09\\do\\frontend\\node_modules\\fsevents'
900 silly reify ]
901 http cache @types/estree@https://registry.npmjs.org/@types/estree/-/estree-1.0.9.tgz 0ms (cache hit)
902 http cache @rollup/rollup-win32-x64-msvc@https://registry.npmjs.org/@rollup/rollup-win32-x64-msvc/-/rollup-win32-x64-msvc-4.63.1.tgz 0ms (cache hit)
903 http cache source-map-js@https://registry.npmjs.org/source-map-js/-/source-map-js-1.2.1.tgz 0ms (cache hit)
904 http cache @rollup/rollup-win32-x64-gnu@https://registry.npmjs.org/@rollup/rollup-win32-x64-gnu/-/rollup-win32-x64-gnu-4.63.1.tgz 0ms (cache hit)
905 http cache @esbuild/win32-x64@https://registry.npmjs.org/@esbuild/win32-x64/-/win32-x64-0.25.12.tgz 0ms (cache hit)
906 http cache picocolors@https://registry.npmjs.org/picocolors/-/picocolors-1.1.1.tgz 0ms (cache hit)
907 http cache nanoid@https://registry.npmjs.org/nanoid/-/nanoid-3.3.18.tgz 0ms (cache hit)
908 http cache tinyglobby@https://registry.npmjs.org/tinyglobby/-/tinyglobby-0.2.17.tgz 0ms (cache hit)
909 http cache picomatch@https://registry.npmjs.org/picomatch/-/picomatch-4.0.7.tgz 0ms (cache hit)
910 http cache rollup@https://registry.npmjs.org/rollup/-/rollup-4.63.1.tgz 0ms (cache hit)
911 http cache postcss@https://registry.npmjs.org/postcss/-/postcss-8.5.28.tgz 0ms (cache hit)
912 http cache fdir@https://registry.npmjs.org/fdir/-/fdir-6.5.0.tgz 0ms (cache hit)
913 http cache esbuild@https://registry.npmjs.org/esbuild/-/esbuild-0.25.12.tgz 0ms (cache hit)
914 http cache d3-path@https://registry.npmjs.org/d3-path/-/d3-path-3.1.0.tgz 0ms (cache hit)
915 http cache d3-time-format@https://registry.npmjs.org/d3-time-format/-/d3-time-format-4.1.0.tgz 0ms (cache hit)
916 http cache d3-format@https://registry.npmjs.org/d3-format/-/d3-format-3.1.2.tgz 0ms (cache hit)
917 http cache d3-color@https://registry.npmjs.org/d3-color/-/d3-color-3.1.0.tgz 0ms (cache hit)
918 http cache internmap@https://registry.npmjs.org/internmap/-/internmap-2.0.3.tgz 0ms (cache hit)
919 http cache d3-timer@https://registry.npmjs.org/d3-timer/-/d3-timer-3.0.1.tgz 0ms (cache hit)
920 http cache @types/d3-path@https://registry.npmjs.org/@types/d3-path/-/d3-path-3.1.1.tgz 0ms (cache hit)
921 http cache @types/d3-color@https://registry.npmjs.org/@types/d3-color/-/d3-color-3.1.3.tgz 0ms (cache hit)
922 http cache d3-time@https://registry.npmjs.org/d3-time/-/d3-time-3.1.0.tgz 0ms (cache hit)
923 http cache d3-scale@https://registry.npmjs.org/d3-scale/-/d3-scale-4.0.2.tgz 0ms (cache hit)
924 http cache d3-shape@https://registry.npmjs.org/d3-shape/-/d3-shape-3.2.0.tgz 0ms (cache hit)
925 http cache d3-interpolate@https://registry.npmjs.org/d3-interpolate/-/d3-interpolate-3.0.1.tgz 0ms (cache hit)
926 http cache d3-ease@https://registry.npmjs.org/d3-ease/-/d3-ease-3.0.1.tgz 0ms (cache hit)
927 http cache d3-array@https://registry.npmjs.org/d3-array/-/d3-array-3.2.4.tgz 0ms (cache hit)
928 http cache @types/d3-timer@https://registry.npmjs.org/@types/d3-timer/-/d3-timer-3.0.2.tgz 0ms (cache hit)
929 http cache @types/d3-time@https://registry.npmjs.org/@types/d3-time/-/d3-time-3.0.4.tgz 0ms (cache hit)
930 http cache @types/d3-shape@https://registry.npmjs.org/@types/d3-shape/-/d3-shape-3.2.0.tgz 0ms (cache hit)
931 http cache @types/d3-scale@https://registry.npmjs.org/@types/d3-scale/-/d3-scale-4.0.9.tgz 0ms (cache hit)
932 http cache @types/d3-interpolate@https://registry.npmjs.org/@types/d3-interpolate/-/d3-interpolate-3.0.4.tgz 0ms (cache hit)
933 http cache decimal.js-light@https://registry.npmjs.org/decimal.js-light/-/decimal.js-light-2.5.1.tgz 0ms (cache hit)
934 http cache @types/d3-ease@https://registry.npmjs.org/@types/d3-ease/-/d3-ease-3.0.2.tgz 0ms (cache hit)
935 http cache @types/d3-array@https://registry.npmjs.org/@types/d3-array/-/d3-array-3.2.2.tgz 0ms (cache hit)
936 http cache @babel/runtime@https://registry.npmjs.org/@babel/runtime/-/runtime-7.29.7.tgz 0ms (cache hit)
937 http cache csstype@https://registry.npmjs.org/csstype/-/csstype-3.2.3.tgz 0ms (cache hit)
938 http cache dom-helpers@https://registry.npmjs.org/dom-helpers/-/dom-helpers-5.2.1.tgz 0ms (cache hit)
939 http cache object-assign@https://registry.npmjs.org/object-assign/-/object-assign-4.1.1.tgz 0ms (cache hit)
940 http cache react-transition-group@https://registry.npmjs.org/react-transition-group/-/react-transition-group-4.4.5.tgz 0ms (cache hit)
941 http cache tiny-invariant@https://registry.npmjs.org/tiny-invariant/-/tiny-invariant-1.3.3.tgz 0ms (cache hit)
942 http cache victory-vendor@https://registry.npmjs.org/victory-vendor/-/victory-vendor-36.9.2.tgz 0ms (cache hit)
943 http cache fast-equals@https://registry.npmjs.org/fast-equals/-/fast-equals-5.4.2.tgz 0ms (cache hit)
944 http cache recharts-scale@https://registry.npmjs.org/recharts-scale/-/recharts-scale-0.4.5.tgz 0ms (cache hit)
945 http cache react-smooth@https://registry.npmjs.org/react-smooth/-/react-smooth-4.0.4.tgz 0ms (cache hit)
946 http cache lodash@https://registry.npmjs.org/lodash/-/lodash-4.18.1.tgz 0ms (cache hit)
947 http cache react-is@https://registry.npmjs.org/react-is/-/react-is-18.3.1.tgz 0ms (cache hit)
948 http cache prop-types@https://registry.npmjs.org/prop-types/-/prop-types-15.8.1.tgz 0ms (cache hit)
949 http cache clsx@https://registry.npmjs.org/clsx/-/clsx-2.1.1.tgz 0ms (cache hit)
950 http cache set-cookie-parser@https://registry.npmjs.org/set-cookie-parser/-/set-cookie-parser-2.7.2.tgz 0ms (cache hit)
951 http cache eventemitter3@https://registry.npmjs.org/eventemitter3/-/eventemitter3-4.0.7.tgz 0ms (cache hit)
952 http cache react-router@https://registry.npmjs.org/react-router/-/react-router-7.18.3.tgz 0ms (cache hit)
953 http cache js-tokens@https://registry.npmjs.org/js-tokens/-/js-tokens-4.0.0.tgz 0ms (cache hit)
954 http cache scheduler@https://registry.npmjs.org/scheduler/-/scheduler-0.23.2.tgz 0ms (cache hit)
955 http cache cookie@https://registry.npmjs.org/cookie/-/cookie-1.1.1.tgz 0ms (cache hit)
956 http cache loose-envify@https://registry.npmjs.org/loose-envify/-/loose-envify-1.4.0.tgz 0ms (cache hit)
957 http cache mime-db@https://registry.npmjs.org/mime-db/-/mime-db-1.52.0.tgz 0ms (cache hit)
958 http cache ms@https://registry.npmjs.org/ms/-/ms-2.1.3.tgz 0ms (cache hit)
959 http cache debug@https://registry.npmjs.org/debug/-/debug-4.4.3.tgz 0ms (cache hit)
960 http cache dunder-proto@https://registry.npmjs.org/dunder-proto/-/dunder-proto-1.0.1.tgz 0ms (cache hit)
961 http cache agent-base@https://registry.npmjs.org/agent-base/-/agent-base-6.0.2.tgz 0ms (cache hit)
962 http cache has-symbols@https://registry.npmjs.org/has-symbols/-/has-symbols-1.1.0.tgz 0ms (cache hit)
963 http cache math-intrinsics@https://registry.npmjs.org/math-intrinsics/-/math-intrinsics-1.1.0.tgz 0ms (cache hit)
964 http cache gopd@https://registry.npmjs.org/gopd/-/gopd-1.2.0.tgz 0ms (cache hit)
965 http cache es-object-atoms@https://registry.npmjs.org/es-object-atoms/-/es-object-atoms-1.1.2.tgz 0ms (cache hit)
966 http cache get-proto@https://registry.npmjs.org/get-proto/-/get-proto-1.0.1.tgz 0ms (cache hit)
967 http cache function-bind@https://registry.npmjs.org/function-bind/-/function-bind-1.1.2.tgz 0ms (cache hit)
968 http cache es-define-property@https://registry.npmjs.org/es-define-property/-/es-define-property-1.0.1.tgz 0ms (cache hit)
969 http cache has-tostringtag@https://registry.npmjs.org/has-tostringtag/-/has-tostringtag-1.0.2.tgz 0ms (cache hit)
970 http cache call-bind-apply-helpers@https://registry.npmjs.org/call-bind-apply-helpers/-/call-bind-apply-helpers-1.0.2.tgz 0ms (cache hit)
971 http cache get-intrinsic@https://registry.npmjs.org/get-intrinsic/-/get-intrinsic-1.3.0.tgz 0ms (cache hit)
972 http cache es-errors@https://registry.npmjs.org/es-errors/-/es-errors-1.3.0.tgz 0ms (cache hit)
973 http cache mime-types@https://registry.npmjs.org/mime-types/-/mime-types-2.1.35.tgz 0ms (cache hit)
974 http cache delayed-stream@https://registry.npmjs.org/delayed-stream/-/delayed-stream-1.0.0.tgz 0ms (cache hit)
975 http cache hasown@https://registry.npmjs.org/hasown/-/hasown-2.0.4.tgz 0ms (cache hit)
976 http cache es-set-tostringtag@https://registry.npmjs.org/es-set-tostringtag/-/es-set-tostringtag-2.1.0.tgz 0ms (cache hit)
977 http cache proxy-from-env@https://registry.npmjs.org/proxy-from-env/-/proxy-from-env-2.1.0.tgz 0ms (cache hit)
978 http cache asynckit@https://registry.npmjs.org/asynckit/-/asynckit-0.4.0.tgz 0ms (cache hit)
979 http cache combined-stream@https://registry.npmjs.org/combined-stream/-/combined-stream-1.0.8.tgz 0ms (cache hit)
980 http cache https-proxy-agent@https://registry.npmjs.org/https-proxy-agent/-/https-proxy-agent-5.0.1.tgz 0ms (cache hit)
981 http cache form-data@https://registry.npmjs.org/form-data/-/form-data-4.0.6.tgz 0ms (cache hit)
982 http cache follow-redirects@https://registry.npmjs.org/follow-redirects/-/follow-redirects-1.16.0.tgz 0ms (cache hit)
983 http cache vite@https://registry.npmjs.org/vite/-/vite-6.4.3.tgz 0ms (cache hit)
984 http cache recharts@https://registry.npmjs.org/recharts/-/recharts-2.15.4.tgz 0ms (cache hit)
985 http cache react-dom@https://registry.npmjs.org/react-dom/-/react-dom-18.3.1.tgz 0ms (cache hit)
986 http cache react-router-dom@https://registry.npmjs.org/react-router-dom/-/react-router-dom-7.18.3.tgz 0ms (cache hit)
987 silly tarball no local data for @types/estree@https://registry.npmjs.org/@types/estree/-/estree-1.0.9.tgz. Extracting by manifest.
988 http cache react@https://registry.npmjs.org/react/-/react-18.3.1.tgz 0ms (cache hit)
989 silly tarball no local data for @rollup/rollup-win32-x64-msvc@https://registry.npmjs.org/@rollup/rollup-win32-x64-msvc/-/rollup-win32-x64-msvc-4.63.1.tgz. Extracting by manifest.
990 silly tarball no local data for source-map-js@https://registry.npmjs.org/source-map-js/-/source-map-js-1.2.1.tgz. Extracting by manifest.
991 silly tarball no local data for @rollup/rollup-win32-x64-gnu@https://registry.npmjs.org/@rollup/rollup-win32-x64-gnu/-/rollup-win32-x64-gnu-4.63.1.tgz. Extracting by manifest.
992 http cache react-is@https://registry.npmjs.org/react-is/-/react-is-16.13.1.tgz 0ms (cache hit)
993 silly tarball no local data for @esbuild/win32-x64@https://registry.npmjs.org/@esbuild/win32-x64/-/win32-x64-0.25.12.tgz. Extracting by manifest.
994 silly tarball no local data for picocolors@https://registry.npmjs.org/picocolors/-/picocolors-1.1.1.tgz. Extracting by manifest.
995 silly tarball no local data for nanoid@https://registry.npmjs.org/nanoid/-/nanoid-3.3.18.tgz. Extracting by manifest.
996 silly tarball no local data for tinyglobby@https://registry.npmjs.org/tinyglobby/-/tinyglobby-0.2.17.tgz. Extracting by manifest.
997 silly tarball no local data for picomatch@https://registry.npmjs.org/picomatch/-/picomatch-4.0.7.tgz. Extracting by manifest.
998 silly tarball no local data for rollup@https://registry.npmjs.org/rollup/-/rollup-4.63.1.tgz. Extracting by manifest.
999 silly tarball no local data for postcss@https://registry.npmjs.org/postcss/-/postcss-8.5.28.tgz. Extracting by manifest.
1000 silly tarball no local data for fdir@https://registry.npmjs.org/fdir/-/fdir-6.5.0.tgz. Extracting by manifest.
1001 silly tarball no local data for esbuild@https://registry.npmjs.org/esbuild/-/esbuild-0.25.12.tgz. Extracting by manifest.
1002 silly tarball no local data for d3-path@https://registry.npmjs.org/d3-path/-/d3-path-3.1.0.tgz. Extracting by manifest.
1003 silly tarball no local data for d3-time-format@https://registry.npmjs.org/d3-time-format/-/d3-time-format-4.1.0.tgz. Extracting by manifest.
1004 silly tarball no local data for d3-format@https://registry.npmjs.org/d3-format/-/d3-format-3.1.2.tgz. Extracting by manifest.
1005 silly tarball no local data for d3-color@https://registry.npmjs.org/d3-color/-/d3-color-3.1.0.tgz. Extracting by manifest.
1006 silly tarball no local data for internmap@https://registry.npmjs.org/internmap/-/internmap-2.0.3.tgz. Extracting by manifest.
1007 silly tarball no local data for d3-timer@https://registry.npmjs.org/d3-timer/-/d3-timer-3.0.1.tgz. Extracting by manifest.
1008 silly tarball no local data for @types/d3-path@https://registry.npmjs.org/@types/d3-path/-/d3-path-3.1.1.tgz. Extracting by manifest.
1009 silly tarball no local data for @types/d3-color@https://registry.npmjs.org/@types/d3-color/-/d3-color-3.1.3.tgz. Extracting by manifest.
1010 silly tarball no local data for d3-time@https://registry.npmjs.org/d3-time/-/d3-time-3.1.0.tgz. Extracting by manifest.
1011 silly tarball no local data for d3-scale@https://registry.npmjs.org/d3-scale/-/d3-scale-4.0.2.tgz. Extracting by manifest.
1012 silly tarball no local data for d3-shape@https://registry.npmjs.org/d3-shape/-/d3-shape-3.2.0.tgz. Extracting by manifest.
1013 silly tarball no local data for d3-interpolate@https://registry.npmjs.org/d3-interpolate/-/d3-interpolate-3.0.1.tgz. Extracting by manifest.
1014 silly tarball no local data for d3-ease@https://registry.npmjs.org/d3-ease/-/d3-ease-3.0.1.tgz. Extracting by manifest.
1015 silly tarball no local data for d3-array@https://registry.npmjs.org/d3-array/-/d3-array-3.2.4.tgz. Extracting by manifest.
1016 silly tarball no local data for @types/d3-timer@https://registry.npmjs.org/@types/d3-timer/-/d3-timer-3.0.2.tgz. Extracting by manifest.
1017 silly tarball no local data for @types/d3-time@https://registry.npmjs.org/@types/d3-time/-/d3-time-3.0.4.tgz. Extracting by manifest.
1018 silly tarball no local data for @types/d3-shape@https://registry.npmjs.org/@types/d3-shape/-/d3-shape-3.2.0.tgz. Extracting by manifest.
1019 silly tarball no local data for @types/d3-scale@https://registry.npmjs.org/@types/d3-scale/-/d3-scale-4.0.9.tgz. Extracting by manifest.
1020 silly tarball no local data for @types/d3-interpolate@https://registry.npmjs.org/@types/d3-interpolate/-/d3-interpolate-3.0.4.tgz. Extracting by manifest.
1021 silly tarball no local data for decimal.js-light@https://registry.npmjs.org/decimal.js-light/-/decimal.js-light-2.5.1.tgz. Extracting by manifest.
1022 silly tarball no local data for @types/d3-ease@https://registry.npmjs.org/@types/d3-ease/-/d3-ease-3.0.2.tgz. Extracting by manifest.
1023 silly tarball no local data for @types/d3-array@https://registry.npmjs.org/@types/d3-array/-/d3-array-3.2.2.tgz. Extracting by manifest.
1024 silly tarball no local data for @babel/runtime@https://registry.npmjs.org/@babel/runtime/-/runtime-7.29.7.tgz. Extracting by manifest.
1025 silly tarball no local data for csstype@https://registry.npmjs.org/csstype/-/csstype-3.2.3.tgz. Extracting by manifest.
1026 silly tarball no local data for dom-helpers@https://registry.npmjs.org/dom-helpers/-/dom-helpers-5.2.1.tgz. Extracting by manifest.
1027 silly tarball no local data for object-assign@https://registry.npmjs.org/object-assign/-/object-assign-4.1.1.tgz. Extracting by manifest.
1028 silly tarball no local data for react-transition-group@https://registry.npmjs.org/react-transition-group/-/react-transition-group-4.4.5.tgz. Extracting by manifest.
1029 silly tarball no local data for tiny-invariant@https://registry.npmjs.org/tiny-invariant/-/tiny-invariant-1.3.3.tgz. Extracting by manifest.
1030 silly tarball no local data for victory-vendor@https://registry.npmjs.org/victory-vendor/-/victory-vendor-36.9.2.tgz. Extracting by manifest.
1031 silly tarball no local data for fast-equals@https://registry.npmjs.org/fast-equals/-/fast-equals-5.4.2.tgz. Extracting by manifest.
1032 silly tarball no local data for recharts-scale@https://registry.npmjs.org/recharts-scale/-/recharts-scale-0.4.5.tgz. Extracting by manifest.
1033 silly tarball no local data for react-smooth@https://registry.npmjs.org/react-smooth/-/react-smooth-4.0.4.tgz. Extracting by manifest.
1034 silly tarball no local data for lodash@https://registry.npmjs.org/lodash/-/lodash-4.18.1.tgz. Extracting by manifest.
1035 silly tarball no local data for react-is@https://registry.npmjs.org/react-is/-/react-is-18.3.1.tgz. Extracting by manifest.
1036 silly tarball no local data for prop-types@https://registry.npmjs.org/prop-types/-/prop-types-15.8.1.tgz. Extracting by manifest.
1037 silly tarball no local data for clsx@https://registry.npmjs.org/clsx/-/clsx-2.1.1.tgz. Extracting by manifest.
1038 silly tarball no local data for set-cookie-parser@https://registry.npmjs.org/set-cookie-parser/-/set-cookie-parser-2.7.2.tgz. Extracting by manifest.
1039 silly tarball no local data for eventemitter3@https://registry.npmjs.org/eventemitter3/-/eventemitter3-4.0.7.tgz. Extracting by manifest.
1040 silly tarball no local data for react-router@https://registry.npmjs.org/react-router/-/react-router-7.18.3.tgz. Extracting by manifest.
1041 silly tarball no local data for js-tokens@https://registry.npmjs.org/js-tokens/-/js-tokens-4.0.0.tgz. Extracting by manifest.
1042 silly tarball no local data for scheduler@https://registry.npmjs.org/scheduler/-/scheduler-0.23.2.tgz. Extracting by manifest.
1043 silly tarball no local data for cookie@https://registry.npmjs.org/cookie/-/cookie-1.1.1.tgz. Extracting by manifest.
1044 silly tarball no local data for loose-envify@https://registry.npmjs.org/loose-envify/-/loose-envify-1.4.0.tgz. Extracting by manifest.
1045 silly tarball no local data for mime-db@https://registry.npmjs.org/mime-db/-/mime-db-1.52.0.tgz. Extracting by manifest.
1046 silly tarball no local data for ms@https://registry.npmjs.org/ms/-/ms-2.1.3.tgz. Extracting by manifest.
1047 silly tarball no local data for debug@https://registry.npmjs.org/debug/-/debug-4.4.3.tgz. Extracting by manifest.
1048 silly tarball no local data for dunder-proto@https://registry.npmjs.org/dunder-proto/-/dunder-proto-1.0.1.tgz. Extracting by manifest.
1049 silly tarball no local data for agent-base@https://registry.npmjs.org/agent-base/-/agent-base-6.0.2.tgz. Extracting by manifest.
1050 silly tarball no local data for has-symbols@https://registry.npmjs.org/has-symbols/-/has-symbols-1.1.0.tgz. Extracting by manifest.
1051 silly tarball no local data for math-intrinsics@https://registry.npmjs.org/math-intrinsics/-/math-intrinsics-1.1.0.tgz. Extracting by manifest.
1052 silly tarball no local data for gopd@https://registry.npmjs.org/gopd/-/gopd-1.2.0.tgz. Extracting by manifest.
1053 silly tarball no local data for es-object-atoms@https://registry.npmjs.org/es-object-atoms/-/es-object-atoms-1.1.2.tgz. Extracting by manifest.
1054 silly tarball no local data for get-proto@https://registry.npmjs.org/get-proto/-/get-proto-1.0.1.tgz. Extracting by manifest.
1055 silly tarball no local data for function-bind@https://registry.npmjs.org/function-bind/-/function-bind-1.1.2.tgz. Extracting by manifest.
1056 silly tarball no local data for es-define-property@https://registry.npmjs.org/es-define-property/-/es-define-property-1.0.1.tgz. Extracting by manifest.
1057 silly tarball no local data for has-tostringtag@https://registry.npmjs.org/has-tostringtag/-/has-tostringtag-1.0.2.tgz. Extracting by manifest.
1058 silly tarball no local data for call-bind-apply-helpers@https://registry.npmjs.org/call-bind-apply-helpers/-/call-bind-apply-helpers-1.0.2.tgz. Extracting by manifest.
1059 silly tarball no local data for get-intrinsic@https://registry.npmjs.org/get-intrinsic/-/get-intrinsic-1.3.0.tgz. Extracting by manifest.
1060 silly tarball no local data for es-errors@https://registry.npmjs.org/es-errors/-/es-errors-1.3.0.tgz. Extracting by manifest.
1061 silly tarball no local data for mime-types@https://registry.npmjs.org/mime-types/-/mime-types-2.1.35.tgz. Extracting by manifest.
1062 silly tarball no local data for delayed-stream@https://registry.npmjs.org/delayed-stream/-/delayed-stream-1.0.0.tgz. Extracting by manifest.
1063 silly tarball no local data for hasown@https://registry.npmjs.org/hasown/-/hasown-2.0.4.tgz. Extracting by manifest.
1064 silly tarball no local data for es-set-tostringtag@https://registry.npmjs.org/es-set-tostringtag/-/es-set-tostringtag-2.1.0.tgz. Extracting by manifest.
1065 silly tarball no local data for proxy-from-env@https://registry.npmjs.org/proxy-from-env/-/proxy-from-env-2.1.0.tgz. Extracting by manifest.
1066 silly tarball no local data for asynckit@https://registry.npmjs.org/asynckit/-/asynckit-0.4.0.tgz. Extracting by manifest.
1067 silly tarball no local data for combined-stream@https://registry.npmjs.org/combined-stream/-/combined-stream-1.0.8.tgz. Extracting by manifest.
1068 silly tarball no local data for https-proxy-agent@https://registry.npmjs.org/https-proxy-agent/-/https-proxy-agent-5.0.1.tgz. Extracting by manifest.
1069 silly tarball no local data for form-data@https://registry.npmjs.org/form-data/-/form-data-4.0.6.tgz. Extracting by manifest.
1070 silly tarball no local data for follow-redirects@https://registry.npmjs.org/follow-redirects/-/follow-redirects-1.16.0.tgz. Extracting by manifest.
1071 silly tarball no local data for vite@https://registry.npmjs.org/vite/-/vite-6.4.3.tgz. Extracting by manifest.
1072 silly tarball no local data for recharts@https://registry.npmjs.org/recharts/-/recharts-2.15.4.tgz. Extracting by manifest.
1073 http cache axios@https://registry.npmjs.org/axios/-/axios-1.20.0.tgz 0ms (cache hit)
1074 silly tarball no local data for react-dom@https://registry.npmjs.org/react-dom/-/react-dom-18.3.1.tgz. Extracting by manifest.
1075 silly tarball no local data for react-router-dom@https://registry.npmjs.org/react-router-dom/-/react-router-dom-7.18.3.tgz. Extracting by manifest.
1076 silly tarball no local data for react@https://registry.npmjs.org/react/-/react-18.3.1.tgz. Extracting by manifest.
1077 silly tarball no local data for react-is@https://registry.npmjs.org/react-is/-/react-is-16.13.1.tgz. Extracting by manifest.
1078 silly tarball no local data for axios@https://registry.npmjs.org/axios/-/axios-1.20.0.tgz. Extracting by manifest.
1079 http fetch GET 200 https://registry.npmjs.org/nanoid/-/nanoid-3.3.18.tgz 231ms (cache miss)
1080 http fetch GET 200 https://registry.npmjs.org/esbuild/-/esbuild-0.25.12.tgz 277ms (cache miss)
1081 http fetch GET 200 https://registry.npmjs.org/fdir/-/fdir-6.5.0.tgz 289ms (cache miss)
1082 http fetch GET 200 https://registry.npmjs.org/picomatch/-/picomatch-4.0.7.tgz 300ms (cache miss)
1083 http fetch GET 200 https://registry.npmjs.org/@types/estree/-/estree-1.0.9.tgz 325ms (cache miss)
1084 http fetch GET 200 https://registry.npmjs.org/@types/d3-color/-/d3-color-3.1.3.tgz 321ms (cache miss)
1085 http fetch GET 200 https://registry.npmjs.org/d3-color/-/d3-color-3.1.0.tgz 334ms (cache miss)
1086 http fetch GET 200 https://registry.npmjs.org/source-map-js/-/source-map-js-1.2.1.tgz 347ms (cache miss)
1087 http fetch POST 200 https://registry.npmjs.org/-/npm/v1/security/advisories/bulk 444ms
1088 silly audit report {}
1089 http fetch GET 200 https://registry.npmjs.org/d3-path/-/d3-path-3.1.0.tgz 348ms (cache miss)
1090 http fetch GET 200 https://registry.npmjs.org/d3-time/-/d3-time-3.1.0.tgz 487ms (cache miss)
1091 http fetch GET 200 https://registry.npmjs.org/internmap/-/internmap-2.0.3.tgz 503ms (cache miss)
1092 http fetch GET 200 https://registry.npmjs.org/d3-timer/-/d3-timer-3.0.1.tgz 511ms (cache miss)
1093 http fetch GET 200 https://registry.npmjs.org/@types/d3-time/-/d3-time-3.0.4.tgz 550ms (cache miss)
1094 http fetch GET 200 https://registry.npmjs.org/@types/d3-ease/-/d3-ease-3.0.2.tgz 571ms (cache miss)
1095 http fetch GET 200 https://registry.npmjs.org/d3-format/-/d3-format-3.1.2.tgz 586ms (cache miss)
1096 http fetch GET 200 https://registry.npmjs.org/tinyglobby/-/tinyglobby-0.2.17.tgz 601ms (cache miss)
1097 http fetch GET 200 https://registry.npmjs.org/@types/d3-scale/-/d3-scale-4.0.9.tgz 596ms (cache miss)
1098 http fetch GET 200 https://registry.npmjs.org/decimal.js-light/-/decimal.js-light-2.5.1.tgz 681ms (cache miss)
1099 http fetch GET 200 https://registry.npmjs.org/@rollup/rollup-win32-x64-gnu/-/rollup-win32-x64-gnu-4.63.1.tgz 729ms (cache miss)
1100 http fetch GET 200 https://registry.npmjs.org/d3-ease/-/d3-ease-3.0.1.tgz 722ms (cache miss)
1101 http fetch GET 200 https://registry.npmjs.org/tiny-invariant/-/tiny-invariant-1.3.3.tgz 714ms (cache miss)
1102 http fetch GET 200 https://registry.npmjs.org/d3-time-format/-/d3-time-format-4.1.0.tgz 757ms (cache miss)
1103 http fetch GET 200 https://registry.npmjs.org/@types/d3-array/-/d3-array-3.2.2.tgz 753ms (cache miss)
1104 http fetch GET 200 https://registry.npmjs.org/@types/d3-shape/-/d3-shape-3.2.0.tgz 788ms (cache miss)
1105 http fetch GET 200 https://registry.npmjs.org/d3-scale/-/d3-scale-4.0.2.tgz 808ms (cache miss)
1106 http fetch GET 200 https://registry.npmjs.org/@types/d3-interpolate/-/d3-interpolate-3.0.4.tgz 833ms (cache miss)
1107 http fetch GET 200 https://registry.npmjs.org/object-assign/-/object-assign-4.1.1.tgz 847ms (cache miss)
1108 http fetch GET 200 https://registry.npmjs.org/@types/d3-path/-/d3-path-3.1.1.tgz 865ms (cache miss)
1109 http fetch GET 200 https://registry.npmjs.org/postcss/-/postcss-8.5.28.tgz 875ms (cache miss)
1110 http fetch GET 200 https://registry.npmjs.org/react-is/-/react-is-18.3.1.tgz 874ms (cache miss)
1111 http fetch GET 200 https://registry.npmjs.org/d3-interpolate/-/d3-interpolate-3.0.1.tgz 900ms (cache miss)
1112 http fetch GET 200 https://registry.npmjs.org/recharts-scale/-/recharts-scale-0.4.5.tgz 891ms (cache miss)
1113 http fetch GET 200 https://registry.npmjs.org/cookie/-/cookie-1.1.1.tgz 897ms (cache miss)
1114 http fetch GET 200 https://registry.npmjs.org/@types/d3-timer/-/d3-timer-3.0.2.tgz 922ms (cache miss)
1115 http fetch GET 200 https://registry.npmjs.org/prop-types/-/prop-types-15.8.1.tgz 917ms (cache miss)
1116 http fetch GET 200 https://registry.npmjs.org/rollup/-/rollup-4.63.1.tgz 945ms (cache miss)
1117 http fetch GET 200 https://registry.npmjs.org/loose-envify/-/loose-envify-1.4.0.tgz 924ms (cache miss)
1118 http fetch GET 200 https://registry.npmjs.org/@rollup/rollup-win32-x64-msvc/-/rollup-win32-x64-msvc-4.63.1.tgz 975ms (cache miss)
1119 http fetch GET 200 https://registry.npmjs.org/ms/-/ms-2.1.3.tgz 967ms (cache miss)
1120 http fetch GET 200 https://registry.npmjs.org/debug/-/debug-4.4.3.tgz 993ms (cache miss)
1121 http fetch GET 200 https://registry.npmjs.org/dunder-proto/-/dunder-proto-1.0.1.tgz 1007ms (cache miss)
1122 http fetch GET 200 https://registry.npmjs.org/agent-base/-/agent-base-6.0.2.tgz 1059ms (cache miss)
1123 http fetch GET 200 https://registry.npmjs.org/picocolors/-/picocolors-1.1.1.tgz 1102ms (cache miss)
1124 http fetch GET 200 https://registry.npmjs.org/js-tokens/-/js-tokens-4.0.0.tgz 1074ms (cache miss)
1125 http fetch GET 200 https://registry.npmjs.org/has-symbols/-/has-symbols-1.1.0.tgz 1089ms (cache miss)
1126 http fetch GET 200 https://registry.npmjs.org/set-cookie-parser/-/set-cookie-parser-2.7.2.tgz 1110ms (cache miss)
1127 http fetch GET 200 https://registry.npmjs.org/math-intrinsics/-/math-intrinsics-1.1.0.tgz 1107ms (cache miss)
1128 http fetch GET 200 https://registry.npmjs.org/react-smooth/-/react-smooth-4.0.4.tgz 1137ms (cache miss)
1129 http fetch GET 200 https://registry.npmjs.org/csstype/-/csstype-3.2.3.tgz 1151ms (cache miss)
1130 http fetch GET 200 https://registry.npmjs.org/gopd/-/gopd-1.2.0.tgz 1138ms (cache miss)
1131 http fetch GET 200 https://registry.npmjs.org/es-object-atoms/-/es-object-atoms-1.1.2.tgz 1145ms (cache miss)
1132 http fetch GET 200 https://registry.npmjs.org/get-proto/-/get-proto-1.0.1.tgz 1156ms (cache miss)
1133 http fetch GET 200 https://registry.npmjs.org/es-define-property/-/es-define-property-1.0.1.tgz 1156ms (cache miss)
1134 http fetch GET 200 https://registry.npmjs.org/d3-array/-/d3-array-3.2.4.tgz 1213ms (cache miss)
1135 http fetch GET 200 https://registry.npmjs.org/d3-shape/-/d3-shape-3.2.0.tgz 1226ms (cache miss)
1136 http fetch GET 200 https://registry.npmjs.org/es-errors/-/es-errors-1.3.0.tgz 1205ms (cache miss)
1137 http fetch GET 200 https://registry.npmjs.org/has-tostringtag/-/has-tostringtag-1.0.2.tgz 1207ms (cache miss)
1138 http fetch GET 200 https://registry.npmjs.org/delayed-stream/-/delayed-stream-1.0.0.tgz 1214ms (cache miss)
1139 http fetch GET 200 https://registry.npmjs.org/react-transition-group/-/react-transition-group-4.4.5.tgz 1244ms (cache miss)
1140 http fetch GET 200 https://registry.npmjs.org/call-bind-apply-helpers/-/call-bind-apply-helpers-1.0.2.tgz 1235ms (cache miss)
1141 http fetch GET 200 https://registry.npmjs.org/eventemitter3/-/eventemitter3-4.0.7.tgz 1246ms (cache miss)
1142 http fetch GET 200 https://registry.npmjs.org/mime-types/-/mime-types-2.1.35.tgz 1240ms (cache miss)
1143 http fetch GET 200 https://registry.npmjs.org/hasown/-/hasown-2.0.4.tgz 1255ms (cache miss)
1144 http fetch GET 200 https://registry.npmjs.org/mime-db/-/mime-db-1.52.0.tgz 1269ms (cache miss)
1145 http fetch GET 200 https://registry.npmjs.org/proxy-from-env/-/proxy-from-env-2.1.0.tgz 1265ms (cache miss)
1146 http fetch GET 200 https://registry.npmjs.org/https-proxy-agent/-/https-proxy-agent-5.0.1.tgz 1271ms (cache miss)
1147 http fetch GET 200 https://registry.npmjs.org/es-set-tostringtag/-/es-set-tostringtag-2.1.0.tgz 1294ms (cache miss)
1148 http fetch GET 200 https://registry.npmjs.org/combined-stream/-/combined-stream-1.0.8.tgz 1293ms (cache miss)
1149 http fetch GET 200 https://registry.npmjs.org/react-router-dom/-/react-router-dom-7.18.3.tgz 1311ms (cache miss)
1150 http fetch GET 200 https://registry.npmjs.org/function-bind/-/function-bind-1.1.2.tgz 1324ms (cache miss)
1151 http fetch GET 200 https://registry.npmjs.org/clsx/-/clsx-2.1.1.tgz 1335ms (cache miss)
1152 http fetch GET 200 https://registry.npmjs.org/follow-redirects/-/follow-redirects-1.16.0.tgz 1322ms (cache miss)
1153 http fetch GET 200 https://registry.npmjs.org/form-data/-/form-data-4.0.6.tgz 1375ms (cache miss)
1154 http fetch GET 200 https://registry.npmjs.org/fast-equals/-/fast-equals-5.4.2.tgz 1434ms (cache miss)
1155 http fetch GET 200 https://registry.npmjs.org/asynckit/-/asynckit-0.4.0.tgz 1423ms (cache miss)
1156 http fetch GET 200 https://registry.npmjs.org/react-is/-/react-is-16.13.1.tgz 1418ms (cache miss)
1157 http fetch GET 200 https://registry.npmjs.org/get-intrinsic/-/get-intrinsic-1.3.0.tgz 1524ms (cache miss)
1158 http fetch GET 200 https://registry.npmjs.org/scheduler/-/scheduler-0.23.2.tgz 1667ms (cache miss)
1159 http fetch GET 200 https://registry.npmjs.org/@esbuild/win32-x64/-/win32-x64-0.25.12.tgz 1758ms (cache miss)
1160 http fetch GET 200 https://registry.npmjs.org/react-dom/-/react-dom-18.3.1.tgz 1821ms (cache miss)
1161 http fetch GET 200 https://registry.npmjs.org/@babel/runtime/-/runtime-7.29.7.tgz 2127ms (cache miss)
1162 http fetch GET 200 https://registry.npmjs.org/vite/-/vite-6.4.3.tgz 2179ms (cache miss)
1163 http fetch GET 200 https://registry.npmjs.org/dom-helpers/-/dom-helpers-5.2.1.tgz 2303ms (cache miss)
1164 http fetch GET 200 https://registry.npmjs.org/axios/-/axios-1.20.0.tgz 2231ms (cache miss)
1165 http fetch GET 200 https://registry.npmjs.org/react/-/react-18.3.1.tgz 2302ms (cache miss)
1166 http fetch GET 200 https://registry.npmjs.org/victory-vendor/-/victory-vendor-36.9.2.tgz 2417ms (cache miss)
1167 http fetch GET 200 https://registry.npmjs.org/recharts/-/recharts-2.15.4.tgz 2660ms (cache miss)
1168 warn deprecated recharts@2.15.4: 1.x and 2.x branches are no longer active. Bump to Recharts v3 to receive latest features and bugfixes. See https://github.com/recharts/recharts/wiki/3.0-migration-guide
1169 http fetch GET 200 https://registry.npmjs.org/react-router/-/react-router-7.18.3.tgz 3235ms (cache miss)
1170 http fetch GET 200 https://registry.npmjs.org/lodash/-/lodash-4.18.1.tgz 4145ms (cache miss)
1171 info run esbuild@0.25.12 postinstall node_modules/esbuild node install.js
1172 info run esbuild@0.25.12 postinstall { code: 0, signal: null }
1173 silly ADD node_modules/@types/estree
1174 silly ADD node_modules/@rollup/rollup-win32-x64-msvc
1175 silly ADD node_modules/@rollup/rollup-win32-x64-gnu
1176 silly ADD
1177 silly ADD
1178 silly ADD
1179 silly ADD
1180 silly ADD
1181 silly ADD
1182 silly ADD
1183 silly ADD
1184 silly ADD
1185 silly ADD
1186 silly ADD
1187 silly ADD
1188 silly ADD
1189 silly ADD
1190 silly ADD
1191 silly ADD
1192 silly ADD
1193 silly ADD
1194 silly ADD
1195 silly ADD
1196 silly ADD
1197 silly ADD
1198 silly ADD
1199 silly ADD
1200 silly ADD node_modules/source-map-js
1201 silly ADD node_modules/picocolors
1202 silly ADD node_modules/nanoid
1203 silly ADD node_modules/@esbuild/win32-x64
1204 silly ADD
1205 silly ADD
1206 silly ADD
1207 silly ADD
1208 silly ADD
1209 silly ADD
1210 silly ADD
1211 silly ADD
1212 silly ADD
1213 silly ADD
1214 silly ADD
1215 silly ADD
1216 silly ADD
1217 silly ADD
1218 silly ADD
1219 silly ADD
1220 silly ADD
1221 silly ADD
1222 silly ADD
1223 silly ADD
1224 silly ADD
1225 silly ADD
1226 silly ADD
1227 silly ADD
1228 silly ADD
1229 silly ADD node_modules/tinyglobby
1230 silly ADD node_modules/rollup
1231 silly ADD node_modules/postcss
1232 silly ADD node_modules/picomatch
1233 silly ADD
1234 silly ADD node_modules/fdir
1235 silly ADD node_modules/esbuild
1236 silly ADD node_modules/d3-path
1237 silly ADD node_modules/d3-time-format
1238 silly ADD node_modules/d3-format
1239 silly ADD node_modules/d3-color
1240 silly ADD node_modules/internmap
1241 silly ADD node_modules/@types/d3-path
1242 silly ADD node_modules/@types/d3-color
1243 silly ADD node_modules/d3-timer
1244 silly ADD node_modules/d3-time
1245 silly ADD node_modules/d3-shape
1246 silly ADD node_modules/d3-scale
1247 silly ADD node_modules/d3-interpolate
1248 silly ADD node_modules/d3-ease
1249 silly ADD node_modules/d3-array
1250 silly ADD node_modules/@types/d3-timer
1251 silly ADD node_modules/@types/d3-time
1252 silly ADD node_modules/@types/d3-shape
1253 silly ADD node_modules/@types/d3-scale
1254 silly ADD node_modules/@types/d3-interpolate
1255 silly ADD node_modules/@types/d3-ease
1256 silly ADD node_modules/@types/d3-array
1257 silly ADD node_modules/decimal.js-light
1258 silly ADD node_modules/csstype
1259 silly ADD node_modules/dom-helpers
1260 silly ADD node_modules/@babel/runtime
1261 silly ADD node_modules/object-assign
1262 silly ADD node_modules/react-transition-group
1263 silly ADD node_modules/prop-types
1264 silly ADD node_modules/prop-types/node_modules/react-is
1265 silly ADD node_modules/fast-equals
1266 silly ADD node_modules/victory-vendor
1267 silly ADD node_modules/tiny-invariant
1268 silly ADD node_modules/recharts-scale
1269 silly ADD node_modules/react-smooth
1270 silly ADD node_modules/react-is
1271 silly ADD node_modules/lodash
1272 silly ADD node_modules/eventemitter3
1273 silly ADD node_modules/clsx
1274 silly ADD node_modules/set-cookie-parser
1275 silly ADD node_modules/cookie
1276 silly ADD node_modules/react-router
1277 silly ADD node_modules/scheduler
1278 silly ADD node_modules/js-tokens
1279 silly ADD node_modules/loose-envify
1280 silly ADD node_modules/mime-db
1281 silly ADD node_modules/ms
1282 silly ADD node_modules/debug
1283 silly ADD node_modules/agent-base
1284 silly ADD node_modules/dunder-proto
1285 silly ADD node_modules/math-intrinsics
1286 silly ADD node_modules/has-symbols
1287 silly ADD node_modules/gopd
1288 silly ADD node_modules/get-proto
1289 silly ADD node_modules/function-bind
1290 silly ADD node_modules/es-object-atoms
1291 silly ADD node_modules/es-define-property
1292 silly ADD node_modules/call-bind-apply-helpers
1293 silly ADD node_modules/has-tostringtag
1294 silly ADD node_modules/get-intrinsic
1295 silly ADD node_modules/es-errors
1296 silly ADD node_modules/delayed-stream
1297 silly ADD node_modules/mime-types
1298 silly ADD node_modules/hasown
1299 silly ADD node_modules/es-set-tostringtag
1300 silly ADD node_modules/combined-stream
1301 silly ADD node_modules/asynckit
1302 silly ADD node_modules/proxy-from-env
1303 silly ADD node_modules/https-proxy-agent
1304 silly ADD node_modules/form-data
1305 silly ADD node_modules/follow-redirects
1306 silly ADD node_modules/vite
1307 silly ADD node_modules/recharts
1308 silly ADD node_modules/react-router-dom
1309 silly ADD node_modules/react-dom
1310 silly ADD node_modules/react
1311 silly ADD node_modules/axios
1312 verbose cwd C:\Users\ASUS\Documents\Codex\2026-09-09\do\frontend
1313 verbose os Windows_NT 10.0.26200
1314 verbose node v22.17.0
1315 verbose npm  v10.9.2
1316 verbose exit 0
1317 info ok
